contract_id,term_months,exposure_amount,installment_rate,present_residence,age,number_credits,people_liable,default,status_ord,savings_ord,employment_ord,segment,credit_history_critical account/other credits existing,credit_history_delay in paying off in the past,credit_history_existing credits paid back duly till now,credit_history_no credits taken/all credits paid back duly,purpose_car (new),purpose_car (used),purpose_domestic appliances,purpose_education,purpose_furniture/equipment,purpose_others,purpose_radio/television,purpose_repairs,purpose_retraining,personal_status_sex_male : divorced/separated,personal_status_sex_male : married/widowed,personal_status_sex_male : single,other_debtors_guarantor,other_debtors_none,property_car or other,property_real estate,property_unknown/no property,other_installment_plans_none,other_installment_plans_stores,housing_own,housing_rent,job_skilled employee/official,job_unemployed/unskilled - non-resident,job_unskilled - resident,telephone_yes,foreign_worker_yes,property,pd_12m,pd_origination,stage,pd_lifetime,lgd,ead,pd_used,ecl
CR00001,6,1169,4,4,67,2,1,0,1.0,0,4,bens_consumo,True,False,False,False,False,False,True,False,False,False,False,False,False,False,False,True,False,True,False,True,False,True,False,True,False,True,False,False,True,True,real estate,0.1257380365826099,0.12569937326117514,1,0.12573803658260996,0.2483853205703909,818.3,0.1257380365826099,25.556722149768152
CR00002,48,5951,2,2,22,1,1,1,1.0,1,2,bens_consumo,False,False,True,False,False,False,True,False,False,False,False,False,False,False,False,False,False,True,False,True,False,True,False,True,False,True,False,False,False,True,real estate,0.7130753039657044,0.6617584737717391,3,1.0,0.25221468396965274,4165.7,1.0,1050.6507090123823
CR00003,12,2096,2,3,49,1,2,0,3.0,1,3,pessoal,True,False,False,False,False,False,False,False,False,False,False,False,True,False,False,True,False,True,False,True,False,True,False,True,False,False,False,True,False,True,real estate,0.13549650221568496,0.14510828980423607,1,0.135496502215685,0.2792159805778043,1467.1999999999998,0.13549650221568496,55.50826762614536
CR00004,42,7882,2,4,45,1,2,0,1.0,1,3,bens_consumo,False,False,True,False,False,False,False,False,False,False,True,False,False,False,False,True,True,False,False,False,False,True,False,False,False,True,False,False,False,True,building society savings agreement/life insurance,0.5503492052825988,0.6875956555005713,2,0.9390373582186484,0.55,5517.4,0.9390373582186484,2849.574596129564
CR00005,24,4870,3,4,53,2,2,1,1.0,1,2,veiculos,False,True,False,False,True,False,False,False,False,False,False,False,False,False,False,True,False,True,False,False,True,True,False,False,False,True,False,False,False,True,unknown/no property,0.8342071970472844,0.9346288564414035,3,1.0,0.7738490591765038,3409.0,1.0,2638.0514427327016
CR00006,36,9055,2,4,35,1,2,0,3.0,0,2,pessoal,False,False,True,False,False,False,False,False,False,False,False,False,True,False,False,True,False,True,False,False,True,True,False,False,False,False,False,True,True,True,unknown/no property,0.7311917093771437,0.9369100881142439,2,0.9805764781945087,0.6666722289785934,6338.5,0.9805764781945087,4143.62390992852
CR00007,24,2835,3,4,53,1,1,0,3.0,3,4,bens_consumo,False,False,True,False,False,False,False,False,False,False,True,False,False,False,False,True,False,True,False,False,False,True,False,True,False,True,False,False,False,True,building society savings agreement/life insurance,0.11836903510739788,0.11660256358069931,1,0.22272684174253932,0.55,1984.4999999999998,0.11836903510739788,129.1968425938471
CR00008,36,6948,2,2,35,1,1,0,1.0,1,2,veiculos,False,False,True,False,False,True,False,False,False,False,False,False,False,False,False,True,False,True,True,False,False,True,False,False,True,False,False,False,True,True,car or other,0.44072807403199554,0.31525261244260994,2,0.8250680818810301,0.6072014866599448,4863.599999999999,0.8250680818810301,2436.578807578506
CR00009,12,3059,2,4,61,1,1,0,3.0,4,3,bens_consumo,False,False,True,False,False,False,True,False,False,False,False,False,False,True,False,False,False,True,False,True,False,True,False,True,False,False,False,True,False,True,real estate,0.1239036886934269,0.14012798581172095,1,0.12390368869342694,0.36135068094282374,2141.2999999999997,0.1239036886934269,95.87174456765746
CR00010,30,5234,4,2,28,2,1,1,1.0,1,0,veiculos,True,False,False,False,True,False,False,False,False,False,False,False,False,False,True,False,False,True,True,False,False,True,False,True,False,False,False,False,False,True,car or other,0.8391370825584088,0.9799414315040328,3,1.0,0.8857198548574412,3663.7999999999997,1.0,3245.1004042266927
CR00011,12,1295,3,1,25,1,1,1,1.0,1,1,veiculos,False,False,True,False,True,False,False,False,False,False,False,False,False,False,False,False,False,True,True,False,False,True,False,False,True,True,False,False,False,True,car or other,0.7726871507185185,0.6836278791058839,3,1.0,0.5172717919367745,906.4999999999999,1.0,468.9068793906861
CR00012,48,4308,3,4,24,1,1,1,1.0,1,1,pessoal,False,False,True,False,False,False,False,False,False,True,False,False,False,False,False,False,False,True,False,False,False,True,False,False,True,True,False,False,False,True,building society savings agreement/life insurance,0.8679765526394331,0.7938884412464418,3,1.0,0.55,3015.6,1.0,1658.5800000000002
CR00013,12,1567,1,1,22,1,1,0,1.0,1,2,bens_consumo,False,False,True,False,False,False,True,False,False,False,False,False,False,False,False,False,False,True,True,False,False,True,False,True,False,True,False,False,True,True,car or other,0.28789988883612616,0.28041180343081396,2,0.28789988883612616,0.5799136252858761,1096.8999999999999,0.28789988883612616,183.135208168206
CR00014,24,1199,4,4,60,2,1,1,1.0,1,4,veiculos,True,False,False,False,True,False,False,False,False,False,False,False,False,False,False,True,False,True,True,False,False,True,False,True,False,False,False,True,False,True,car or other,0.4167556267482377,0.5259031310164918,3,1.0,0.6664217985110327,839.3,1.0,559.3278154903097
CR00015,15,1403,2,4,28,1,1,0,1.0,1,2,veiculos,False,False,True,False,True,False,False,False,False,False,False,False,False,False,False,False,False,True,True,False,False,True,False,False,True,True,False,False,False,True,car or other,0.7005139658273728,0.7056555706174343,2,0.7784505283739441,0.5977353069167591,982.0999999999999,0.7784505283739441,456.9783636547145
CR00016,24,1282,4,2,32,1,1,1,1.0,2,2,bens_consumo,False,False,True,False,False,False,True,False,False,False,False,False,False,False,False,False,False,True,True,False,False,True,False,True,False,False,False,True,False,True,car or other,0.6288420484045887,0.5285060808644532,3,1.0,0.521784789979532,897.4,1.0,468.249670527632
CR00017,24,2424,4,4,53,2,1,0,3.0,0,4,bens_consumo,True,False,False,False,False,False,True,False,False,False,False,False,False,False,False,True,False,True,False,False,False,True,False,True,False,True,False,False,False,True,building society savings agreement/life insurance,0.08944599534121418,0.12517198554138326,1,0.17089140459984797,0.55,1696.8,0.08944599534121418,83.47458069223472
CR00018,30,8072,2,3,25,3,1,0,1.0,0,1,pessoal,False,False,False,True,False,False,False,False,False,True,False,False,False,False,False,True,False,True,True,False,False,False,False,True,False,True,False,False,False,True,car or other,0.951038967734824,0.99,2,0.9994695720332806,0.5745540976684065,5650.4,0.9994695720332806,3244.7384600375885
CR00019,24,12579,4,2,44,1,1,1,1.0,1,4,veiculos,False,False,True,False,False,True,False,False,False,False,False,False,False,False,False,False,False,True,False,False,True,True,False,False,False,False,False,False,True,True,unknown/no property,0.7155301902088567,0.99,3,1.0,0.5187029455612407,8805.3,1.0,4567.335046550393
CR00020,24,3430,3,2,31,1,2,0,3.0,3,4,bens_consumo,False,False,True,False,False,False,True,False,False,False,False,False,False,False,False,True,False,True,True,False,False,True,False,True,False,True,False,False,True,True,car or other,0.10130495841158772,0.13984292001418575,1,0.19234722222440193,0.48544030096192325,2401.0,0.10130495841158772,118.07520031011528
CR00021,9,2134,4,4,48,3,1,0,3.0,1,2,veiculos,True,False,False,False,True,False,False,False,False,False,False,False,False,False,False,True,False,True,True,False,False,True,False,True,False,True,False,False,True,True,car or other,0.13474859992529545,0.2135443584531332,1,0.13474859992529542,0.664799377536572,1493.8,0.13474859992529545,133.81577716219508
CR00022,6,2647,2,3,44,1,2,0,1.0,3,2,bens_consumo,False,False,True,False,False,False,True,False,False,False,False,False,False,False,False,True,False,True,False,True,False,True,False,False,True,True,False,False,False,True,real estate,0.35042099855053255,0.37163346797617336,2,0.35042099855053255,0.3601086775666045,1852.8999999999999,0.35042099855053255,233.8167883651632
CR00023,10,2241,1,3,48,2,2,0,1.0,1,1,veiculos,True,False,False,False,True,False,False,False,False,False,False,False,False,False,False,True,False,True,False,True,False,True,False,False,True,False,False,True,False,False,real estate,0.15785498064461634,0.21670530473951397,1,0.15785498064461634,0.2222906390793456,1568.6999999999998,0.15785498064461634,55.04518812119055
CR00024,12,1804,3,4,44,1,1,0,1.0,2,1,veiculos,True,False,False,False,False,True,False,False,False,False,False,False,False,False,False,True,False,True,False,False,False,True,False,True,False,True,False,False,False,True,building society savings agreement/life insurance,0.12280758383426743,0.11475537418598027,1,0.12280758383426749,0.55,1262.8,0.12280758383426743,85.29477927625211
CR00025,10,2069,2,1,26,2,1,0,3.0,0,2,bens_consumo,True,False,False,False,False,False,False,False,False,False,True,False,False,False,True,False,False,True,True,False,False,True,False,True,False,True,False,False,False,False,car or other,0.03534167114936544,0.03398349555394531,1,0.03534167114936548,0.39672308532667294,1448.3,0.03534167114936544,20.306406930924275
CR00026,6,1374,1,2,36,1,1,0,1.0,1,2,bens_consumo,False,False,True,False,False,False,False,False,False,False,True,False,False,False,False,True,False,True,False,True,False,False,False,True,False,False,False,True,True,True,real estate,0.3545348452359585,0.3714964734333169,2,0.35453484523595846,0.18589739412069545,961.8,0.35453484523595846,63.389452487112614
CR00027,6,426,4,4,39,1,1,0,3.0,1,4,bens_consumo,False,False,False,True,False,False,True,False,False,False,False,False,False,False,True,False,False,True,True,False,False,True,False,True,False,False,False,True,False,True,car or other,0.2588296437967941,0.48558775686298766,2,0.2588296437967941,0.683401426502849,298.2,0.2588296437967941,52.746972151560485
CR00028,12,409,3,3,42,2,1,0,1.0,4,2,bens_consumo,False,False,False,False,False,False,True,False,False,False,False,False,False,False,False,False,False,True,False,True,False,True,False,False,True,True,False,False,False,True,real estate,0.5719424578286924,0.6543953058688629,2,0.5719424578286924,0.16930195657693714,286.29999999999995,0.5719424578286924,27.722708760856456
CR00029,7,2415,3,2,34,1,1,0,1.0,1,2,bens_consumo,False,False,True,False,False,False,True,False,False,False,False,False,False,False,False,True,True,False,False,True,False,True,False,True,False,True,False,False,False,True,real estate,0.23833839487314987,0.24124589568764024,2,0.2383383948731499,0.218790136410519,1690.5,0.2383383948731499,88.1529650201745
CR00030,60,6836,3,4,63,2,1,1,1.0,1,4,pessoal,False,True,False,False,False,False,False,False,False,True,False,False,False,False,False,True,False,True,False,False,True,True,False,True,False,True,False,False,True,True,unknown/no property,0.7997656437001096,0.7774283557601831,3,1.0,0.3845016847514105,4785.2,1.0,1839.9174618724494
CR00031,18,1913,3,3,36,1,1,0,1.0,4,1,pessoal,False,False,True,False,False,False,False,False,False,True,False,False,False,False,True,False,False,True,False,True,False,False,False,True,False,True,False,False,True,True,real estate,0.6170800462717082,0.9046360349713893,2,0.7630471172596873,0.3432275787351858,1339.1,0.7630471172596873,350.7087025209277
CR00032,24,4020,2,2,27,1,1,0,1.0,1,2,bens_consumo,False,False,True,False,False,False,False,False,False,False,True,False,False,False,False,True,False,True,True,False,False,False,True,True,False,True,False,False,False,True,car or other,0.6118493058485344,0.6894707945663375,2,0.8493390386297354,0.5373520466977285,2814.0,0.8493390386297354,1284.2929150847858
CR00033,18,5866,2,2,30,2,1,0,1.0,2,2,veiculos,False,False,True,False,True,False,False,False,False,False,False,False,False,False,False,True,False,True,True,False,False,True,False,True,False,True,False,False,True,True,car or other,0.5695298125368012,0.7273740810862147,2,0.7175675332435258,0.5127943482712845,4106.2,0.7175675332435258,1510.9361401244246
CR00034,12,1264,4,4,57,1,1,0,3.0,0,4,pessoal,True,False,False,False,False,False,False,False,False,True,False,False,False,False,False,True,False,True,False,False,True,True,False,False,True,False,False,True,False,True,unknown/no property,0.15241158160836266,0.18656765692743982,1,0.15241158160836266,0.6174257951699706,884.8,0.15241158160836266,83.26219457298218
CR00035,12,1474,4,1,33,1,1,0,1.0,1,1,bens_consumo,False,False,True,False,False,False,False,False,False,False,True,False,False,False,False,False,False,True,False,False,False,False,False,True,False,False,False,False,True,True,building society savings agreement/life insurance,0.8004631046732893,0.61398210647654,2,0.8004631046732893,0.55,1031.8,0.8004631046732893,454.25480727104497
CR00036,45,4746,4,2,25,2,1,1,1.0,1,1,bens_consumo,True,False,False,False,False,False,True,False,False,False,False,False,False,False,False,True,False,True,False,False,False,True,False,True,False,False,False,True,False,True,building society savings agreement/life insurance,0.6624983958878539,0.8107030266693055,3,1.0,0.55,3322.2,1.0,1827.21
CR00037,48,6110,1,3,31,1,1,0,3.0,1,2,pessoal,True,False,False,False,False,False,False,False,False,False,False,False,True,False,False,True,False,True,False,False,True,False,False,False,False,True,False,False,True,True,unknown/no property,0.605296238631007,0.6102376155804528,2,0.975729145861243,0.6926866636353606,4277.0,0.975729145861243,2890.715521597996
CR00038,18,2100,4,2,37,1,1,1,1.0,1,2,bens_consumo,False,False,True,False,False,False,True,False,False,False,False,False,False,False,False,True,False,False,False,True,False,False,True,True,False,True,False,False,False,True,real estate,0.6265926366354777,0.5023008084762814,3,1.0,0.27264610341713036,1470.0,1.0,400.7897720231816
CR00039,10,1225,2,2,37,1,1,0,1.0,1,2,bens_consumo,False,False,True,False,False,False,False,False,False,False,False,True,False,False,False,True,False,True,True,False,False,True,False,True,False,True,False,False,True,True,car or other,0.2785444993286932,0.3222984362421187,2,0.2785444993286932,0.33908649809260183,857.5,0.2785444993286932,80.99145710557754
CR00040,9,458,4,3,24,1,1,0,1.0,1,2,bens_consumo,False,False,True,False,False,False,True,False,False,False,False,False,False,False,False,True,False,True,False,True,False,True,False,True,False,True,False,False,False,True,real estate,0.37281270659999494,0.3833704115729709,2,0.3728127065999949,0.3320467206218899,320.59999999999997,0.3728127065999949,39.68747046444333
CR00041,30,2333,4,2,30,1,1,0,3.0,3,4,bens_consumo,False,False,True,False,False,False,True,False,False,False,False,False,False,False,False,True,False,True,True,False,False,False,False,True,False,False,False,False,False,True,car or other,0.32015258920682965,0.3114322092071762,2,0.6189090638259639,0.509105427076462,1633.1,0.6189090638259639,514.5734190009032
CR00042,12,1158,3,1,26,1,1,0,1.0,3,2,bens_consumo,False,False,True,False,False,False,True,False,False,False,False,False,False,True,False,False,False,True,True,False,False,True,False,True,False,True,False,False,True,True,car or other,0.4948584833309794,0.4870303229211099,2,0.4948584833309795,0.780001433446885,810.5999999999999,0.4948584833309795,312.8837585405384
CR00043,18,6204,2,4,44,1,2,0,1.0,1,2,pessoal,False,True,False,False,False,False,False,True,False,False,False,False,False,False,False,True,False,True,False,True,False,True,False,True,False,False,False,True,True,True,real estate,0.606757322475277,0.8241832281869653,2,0.753401195559555,0.272719449095079,4342.799999999999,0.753401195559555,892.3027781077001
CR00044,30,6187,1,4,24,2,1,0,1.0,2,3,veiculos,True,False,False,False,False,True,False,False,False,False,False,False,False,False,True,False,False,True,True,False,False,True,False,False,True,True,False,False,False,True,car or other,0.32162704192131236,0.3155627528075234,2,0.6209719786051604,0.48347566103193756,4330.9,0.6209719786051604,1300.2437501945003
CR00045,48,6143,4,4,58,2,1,1,1.0,1,4,veiculos,True,False,False,False,False,True,False,False,False,False,False,False,False,False,False,False,False,True,False,False,True,False,True,False,False,False,False,True,False,True,unknown/no property,0.6903746878560358,0.49153277483459956,3,1.0,0.5596015832090383,4300.099999999999,1.0,2406.3427679571855
CR00046,11,1393,4,4,35,2,1,0,3.0,1,1,veiculos,True,False,False,False,True,False,False,False,False,False,False,False,False,False,False,False,False,True,True,False,False,True,False,True,False,False,False,False,False,True,car or other,0.28105929032760835,0.41378719263496955,2,0.28105929032760835,0.5490536547170857,975.0999999999999,0.28105929032760835,150.47414644595435
CR00047,36,2299,4,4,39,1,1,0,3.0,3,4,bens_consumo,False,False,True,False,False,False,True,False,False,False,False,False,False,False,False,True,False,True,True,False,False,True,False,True,False,True,False,False,False,True,car or other,0.16141965334216193,0.13021173344465298,1,0.41029604620853777,0.5369103424661689,1609.3,0.16141965334216193,139.4746214673541
CR00048,6,1352,1,2,23,1,1,0,1.0,3,0,veiculos,False,False,True,False,False,True,False,False,False,False,False,False,False,False,False,False,False,True,False,False,False,True,False,False,True,False,True,False,True,True,building society savings agreement/life insurance,0.21674836579537157,0.2103764551929016,2,0.2167483657953716,0.55,946.4,0.2167483657953716,112.82185936380682
CR00049,11,7228,1,4,39,2,1,0,3.0,1,2,veiculos,True,False,False,False,True,False,False,False,False,False,False,False,False,False,False,True,False,True,False,False,False,True,False,True,False,False,False,True,False,True,building society savings agreement/life insurance,0.12561367878066904,0.14746321489290715,1,0.12561367878066898,0.55,5059.599999999999,0.12561367878066904,349.55523303727017
CR00050,12,2073,4,2,28,1,1,0,3.0,2,2,bens_consumo,False,False,True,False,False,False,True,False,False,False,False,False,False,False,False,False,False,False,False,True,False,True,False,True,False,True,False,False,False,True,real estate,0.2534980802495017,0.15373834722942803,2,0.2534980802495017,0.2962405074616665,1451.1,0.2534980802495017,108.97238594374947
CR00051,24,2333,4,2,29,1,1,0,1.0,0,1,bens_consumo,False,True,False,False,False,False,False,False,False,False,True,False,False,False,False,True,False,True,False,False,False,False,False,True,False,False,False,True,False,True,building society savings agreement/life insurance,0.8488307113441119,0.7015518716380538,2,0.9771478461672728,0.55,1633.1,0.9771478461672728,877.6790811666752
CR00052,27,5965,1,2,30,2,1,0,1.0,1,4,veiculos,False,True,False,False,False,True,False,False,False,False,False,False,False,False,False,True,False,True,True,False,False,True,False,True,False,False,False,False,True,True,car or other,0.20448160688048908,0.2759722328553329,2,0.40232786674203636,0.6012523984188556,4175.5,0.40232786674203636,1010.0559337101224
CR00053,12,1262,3,2,25,1,1,0,3.0,1,2,bens_consumo,False,False,True,False,False,False,True,False,False,False,False,False,False,False,False,True,False,True,True,False,False,True,False,True,False,True,False,False,False,True,car or other,0.11292769803820561,0.11084343569085625,1,0.11292769803820557,0.3357047633250591,883.4,0.11292769803820561,33.49001745051379
CR00054,18,3378,2,1,31,1,1,0,3.0,0,2,veiculos,False,False,True,False,False,True,False,False,False,False,False,False,False,False,False,True,False,True,False,False,False,True,False,True,False,True,False,False,True,True,building society savings agreement/life insurance,0.04445698926736058,0.03848812655434192,1,0.06593873968234942,0.55,2364.6,0.04445698926736058,57.817648251880456
CR00055,36,2225,4,4,57,2,1,1,1.0,1,4,veiculos,False,True,False,False,True,False,False,False,False,False,False,False,False,False,False,True,False,True,False,False,True,False,False,False,False,True,False,False,True,True,unknown/no property,0.8670383405066553,0.9089396762173065,3,1.0,0.515210538539181,1557.5,1.0,802.4404137747744
CR00056,6,783,1,2,26,1,2,0,3.0,0,2,veiculos,False,False,False,False,True,False,False,False,False,False,False,False,False,False,False,True,True,False,False,True,False,False,True,True,False,False,False,True,False,True,real estate,0.13494749071815082,0.11376764632567463,1,0.13494749071815082,0.43324409007272424,548.0999999999999,0.13494749071815082,32.044777667715266
CR00057,12,6468,2,1,52,1,1,1,1.0,0,0,bens_consumo,False,False,True,False,False,False,True,False,False,False,False,False,False,False,False,True,False,True,False,False,True,True,False,True,False,False,False,False,True,True,unknown/no property,0.6213741876740525,0.6317936180811036,3,1.0,0.7673722535986708,4527.599999999999,1.0,3474.3546153933416
CR00058,36,9566,2,2,31,2,1,0,3.0,1,2,bens_consumo,True,False,False,False,False,False,True,False,False,False,False,False,False,False,False,False,False,True,True,False,False,False,True,True,False,True,False,False,False,True,car or other,0.37354609448882714,0.3161540260476151,2,0.7541516129534525,0.602007554347975,6696.2,0.7541516129534525,3040.108067536451
CR00059,18,1961,3,2,23,1,1,0,1.0,1,4,veiculos,False,False,True,False,True,False,False,False,False,False,False,False,False,False,False,False,False,True,True,False,False,True,False,True,False,False,False,False,False,True,car or other,0.6468791317936898,0.45147897999306064,2,0.7901615472040749,0.6800918377695757,1372.6999999999998,0.7901615472040749,737.6648462495194
CR00060,36,6229,4,4,23,2,1,1,1.0,1,1,bens_consumo,True,False,False,False,False,False,False,False,False,False,True,False,False,False,False,False,False,False,False,False,True,True,False,False,True,False,False,True,True,True,unknown/no property,0.9369365074732872,0.99,3,1.0,0.6086803566694683,4360.299999999999,1.0,2654.0289591858823
CR00061,9,1391,2,1,27,1,1,0,1.0,1,2,pessoal,False,False,True,False,False,False,False,False,False,True,False,False,False,False,True,False,False,True,False,True,False,False,False,True,False,True,False,False,True,True,real estate,0.4980764391522532,0.4734133537808535,2,0.4980764391522532,0.2981346810835845,973.6999999999999,0.4980764391522532,144.58847181491228
CR00062,15,1537,4,4,50,2,1,0,1.0,0,4,bens_consumo,True,False,False,False,False,False,True,False,False,False,False,False,False,False,False,True,True,False,False,True,False,True,False,True,False,True,False,False,True,True,real estate,0.12117957532249467,0.1360606079460482,1,0.14910655646410986,0.2927566483861271,1075.8999999999999,0.12117957532249467,38.1687643122797
CR00063,36,1953,4,4,61,1,1,1,1.0,1,4,pessoal,False,False,False,True,False,False,False,False,False,True,False,False,False,False,False,True,False,True,False,False,True,True,False,False,False,False,False,False,True,True,unknown/no property,0.7285552213447495,0.7057395932682737,3,1.0,0.8346797220650023,1367.1,1.0,1141.0906480350645
CR00064,48,14421,2,2,25,1,1,1,1.0,1,2,pessoal,False,False,False,True,False,False,False,False,False,True,False,False,False,False,False,True,False,True,True,False,False,True,False,True,False,True,False,False,True,True,car or other,0.8966548049383224,0.99,3,1.0,0.4088572906082897,10094.699999999999,1.0,4127.291691503501
CR00065,24,3181,4,4,26,1,1,0,3.0,1,1,bens_consumo,False,False,True,False,False,False,True,False,False,False,False,False,False,False,False,False,False,True,False,False,False,True,False,True,False,True,False,False,True,True,building society savings agreement/life insurance,0.2935805157764504,0.3393314405584226,2,0.5009715123093341,0.55,2226.7,0.5009715123093341,613.5322965525569
CR00066,27,5190,4,4,48,4,2,0,3.0,0,4,pessoal,False,False,True,False,False,False,False,True,False,False,False,False,False,False,False,True,False,True,False,False,False,True,False,True,False,True,False,False,True,True,building society savings agreement/life insurance,0.5158388368917066,0.5417709866504435,2,0.8044637028544667,0.55,3632.9999999999995,0.8044637028544667,1607.4391478586526
CR00067,12,2171,2,2,29,1,1,0,3.0,1,1,bens_consumo,False,False,True,False,False,False,True,False,False,False,False,False,False,False,False,False,False,True,True,False,False,False,False,True,False,True,False,False,False,True,car or other,0.3338142317472841,0.26663846518361034,2,0.3338142317472841,0.5095299625228625,1519.6999999999998,0.3338142317472841,258.483270041626
CR00068,12,1007,4,1,22,1,1,0,1.0,4,2,veiculos,False,False,True,False,True,False,False,False,False,False,False,False,False,False,True,False,False,True,False,True,False,True,False,True,False,True,False,False,False,True,real estate,0.6042067434111894,0.45377928703193604,2,0.6042067434111894,0.282291910288591,704.9,0.6042067434111894,120.22963017620853
CR00069,36,1819,4,4,37,1,1,1,3.0,1,2,pessoal,False,False,True,False,False,False,False,False,False,False,False,False,True,False,False,True,False,True,False,False,True,False,True,False,False,True,False,False,True,True,unknown/no property,0.6840999082808218,0.9524007668752029,3,1.0,0.8258281152550488,1273.3,1.0,1051.5269391542536
CR00070,36,2394,4,4,25,1,1,0,3.0,0,2,bens_consumo,False,False,True,False,False,False,True,False,False,False,False,False,False,False,False,False,False,True,True,False,False,True,False,True,False,True,False,False,False,True,car or other,0.39376131414472704,0.48029740969568424,2,0.7771919182969964,0.6094097602348094,1675.8,0.7771919182969964,793.7063731536906
CR00071,36,8133,1,2,30,1,1,0,3.0,1,2,veiculos,False,False,True,False,False,True,False,False,False,False,False,False,False,False,False,False,False,True,False,False,False,False,False,True,False,True,False,False,False,True,building society savings agreement/life insurance,0.33371942488535705,0.28388656491088354,2,0.7042181943639155,0.55,5693.099999999999,0.7042181943639155,2205.051531283264
CR00072,7,730,4,2,46,2,1,0,3.0,0,4,bens_consumo,True,False,False,False,False,False,True,False,False,False,False,False,False,False,False,True,False,True,False,False,False,True,False,False,True,False,False,True,True,True,building society savings agreement/life insurance,0.059693528739474186,0.09823165976275533,1,0.0596935287394742,0.55,510.99999999999994,0.059693528739474186,16.77686625222922
CR00073,8,1164,3,4,51,2,2,0,1.0,1,4,bens_consumo,True,False,False,False,False,False,False,False,True,False,False,False,False,False,False,True,False,True,False,False,True,False,False,False,False,False,False,False,True,True,unknown/no property,0.18959847764948687,0.2128741246106402,1,0.1895984776494869,0.3857313510479535,814.8,0.18959847764948687,59.589645891014925
CR00074,42,5954,2,1,41,2,1,0,1.0,1,3,pessoal,True,False,False,False,False,False,False,False,False,True,False,False,False,False,False,False,False,True,False,True,False,False,False,True,False,False,False,True,False,True,real estate,0.7176256506749498,0.7352935348361239,2,0.9880356708838021,0.23422579956022707,4167.8,0.9880356708838021,964.526634099274
CR00075,36,1977,4,4,40,1,1,1,1.0,0,4,pessoal,False,False,True,False,False,False,False,False,False,False,False,False,True,False,False,True,False,True,False,False,True,True,False,True,False,False,False,False,True,True,unknown/no property,0.8834767407566099,0.6452328251196274,3,1.0,0.7633970210052488,1383.8999999999999,1.0,1056.4651373691636
CR00076,12,1526,4,4,66,2,1,0,1.0,1,4,veiculos,True,False,False,False,False,True,False,False,False,False,False,False,False,False,False,True,False,True,False,False,True,True,False,False,False,False,False,False,False,True,unknown/no property,0.18122809948708407,0.15253673936106332,1,0.18122809948708407,0.4649860356008824,1068.2,0.18122809948708407,90.01564964244427
CR00077,42,3965,4,3,34,1,1,1,1.0,1,1,bens_consumo,False,False,True,False,False,False,True,False,False,False,False,False,False,False,False,True,False,True,True,False,False,True,False,True,False,True,False,False,False,True,car or other,0.7231716829174764,0.784816559343149,3,1.0,0.68384238240279,2775.5,1.0,1898.0045323589438
CR00078,11,4771,2,4,51,1,1,0,1.0,1,3,bens_consumo,False,True,False,False,False,False,True,False,False,False,False,False,False,False,False,True,False,True,False,False,False,True,False,True,False,True,False,False,False,True,building society savings agreement/life insurance,0.3241031561405782,0.35538646167640214,2,0.3241031561405783,0.55,3339.7,0.3241031561405783,595.3240208094792
CR00079,54,9436,2,2,39,1,2,0,3.0,0,2,veiculos,False,False,False,True,False,True,False,False,False,False,False,False,False,False,False,True,False,True,False,False,False,True,False,True,False,False,False,True,False,True,building society savings agreement/life insurance,0.47701205433032623,0.5078014942345188,2,0.9458980952753665,0.55,6605.2,0.9458980952753665,3436.315354402068
CR00080,30,3832,2,1,22,1,1,0,1.0,1,1,bens_consumo,False,False,True,False,False,False,False,False,False,False,True,False,False,False,True,False,False,True,False,False,False,True,False,True,False,True,False,False,False,True,building society savings agreement/life insurance,0.6921067757275718,0.47288767834201656,2,0.9473982335122728,0.55,2682.3999999999996,0.9473982335122728,1397.7155618653262
CR00081,24,5943,1,1,44,2,1,1,3.0,0,1,bens_consumo,False,False,True,False,False,False,True,False,False,False,False,False,False,False,False,False,False,True,True,False,False,True,False,True,False,True,False,False,True,True,car or other,0.20425635044447463,0.2273253066196759,3,1.0,0.816029565263044,4160.099999999999,1.0,3394.764594450789
CR00082,15,1213,4,3,47,1,1,0,3.0,3,4,bens_consumo,False,False,True,False,False,False,True,False,False,False,False,False,False,False,False,True,False,True,False,False,False,False,True,True,False,True,False,False,True,True,building society savings agreement/life insurance,0.09067179096550108,0.09782365227693547,1,0.1120248138551363,0.55,849.0999999999999,0.09067179096550108,42.34417973984383
CR00083,18,1568,3,4,24,1,1,0,3.0,2,2,pessoal,False,False,True,False,False,False,False,False,False,True,False,False,False,False,False,False,False,True,False,False,False,True,False,False,True,False,False,True,False,True,building society savings agreement/life insurance,0.2877894481408096,0.26350750857041766,2,0.3989472263538044,0.55,1097.6,0.3989472263538044,240.83646160526465
CR00084,24,1755,4,4,58,1,1,0,1.0,1,4,bens_consumo,False,False,True,False,False,False,False,False,True,False,False,False,False,False,False,False,True,False,False,True,False,True,False,True,False,False,False,True,True,True,real estate,0.12171392261988011,0.12544482316903519,1,0.2286135662802421,0.17730638361127835,1228.5,0.12171392261988011,26.5118352263126
CR00085,10,2315,3,4,52,1,1,0,1.0,1,4,bens_consumo,False,False,True,False,False,False,True,False,False,False,False,False,False,False,False,True,False,True,False,True,False,True,False,True,False,False,False,True,False,True,real estate,0.25391293604536846,0.26675016100864335,2,0.25391293604536846,0.2815051860272895,1620.5,0.25391293604536846,115.82978834397058
CR00086,12,1412,4,2,29,2,1,0,3.0,1,2,pessoal,True,False,False,False,False,False,False,False,False,True,False,False,False,False,False,False,True,False,False,True,False,True,False,True,False,False,False,False,True,True,real estate,0.06848979429804133,0.09048657811687479,1,0.06848979429804136,0.4009455653485537,988.4,0.06848979429804133,27.142135415607292
CR00087,18,1295,4,1,27,2,1,0,1.0,1,1,bens_consumo,True,False,False,False,False,False,False,False,False,False,True,False,False,False,False,False,False,True,False,False,False,True,False,True,False,True,False,False,False,True,building society savings agreement/life insurance,0.5872934482584478,0.5889875075167553,2,0.7348680627699392,0.55,906.4999999999999,0.7348680627699392,366.3868443955224
CR00088,36,12612,1,4,47,1,2,1,1.0,2,2,pessoal,False,False,True,False,False,False,False,False,False,False,False,False,True,False,False,True,False,True,False,False,True,True,False,False,False,True,False,False,True,True,unknown/no property,0.9147912971326595,0.99,3,1.0,0.5541798703514313,8828.4,1.0,4892.521567410577
CR00089,18,2249,4,3,30,1,2,0,1.0,2,3,veiculos,False,False,True,False,True,False,False,False,False,False,False,False,False,False,False,True,False,True,True,False,False,True,False,True,False,False,False,False,True,True,car or other,0.5994333416364099,0.44784752759976604,2,0.7464800175163318,0.7444678571203922,1574.3,0.7464800175163318,874.8863356968162
CR00090,12,1108,4,3,28,2,1,1,1.0,1,3,pessoal,False,False,False,True,False,False,False,True,False,False,False,False,False,False,False,True,False,True,False,True,False,True,False,True,False,True,False,False,False,True,real estate,0.7927241755778092,0.6733082250264121,3,1.0,0.23289192216910204,775.5999999999999,1.0,180.63097483435553
CR00091,12,618,4,4,56,1,1,0,3.0,1,4,bens_consumo,True,False,False,False,False,False,True,False,False,False,False,False,False,False,False,True,False,True,False,True,False,True,False,True,False,True,False,False,False,True,real estate,0.03472215764577895,0.03493237100558781,1,0.034722157645778906,0.20052156082784145,432.59999999999997,0.03472215764577895,3.011995343210793
CR00092,12,1409,4,3,54,1,1,0,1.0,1,4,veiculos,True,False,False,False,False,True,False,False,False,False,False,False,False,False,False,True,False,True,False,True,False,True,False,True,False,True,False,False,False,True,real estate,0.08180867988658001,0.0692198792138475,1,0.08180867988658003,0.24587442965472983,986.3,0.08180867988658001,19.839091631560734
CR00093,12,797,4,3,33,1,2,1,3.0,0,4,bens_consumo,True,False,False,False,False,False,True,False,False,False,False,False,False,False,False,False,False,True,False,False,False,False,False,True,False,False,False,True,False,True,building society savings agreement/life insurance,0.2369086369602278,0.25791806492727015,3,1.0,0.55,557.9,1.0,306.845
CR00094,24,3617,4,4,20,2,1,0,1.0,0,4,bens_consumo,True,False,False,False,False,False,False,False,False,False,True,False,False,False,False,True,False,False,False,False,True,True,False,False,True,True,False,False,False,True,unknown/no property,0.8119403699451316,0.6241528634402208,2,0.964633575543626,0.5217808199907646,2531.8999999999996,0.964633575543626,1274.374385901846
CR00095,12,1318,4,4,54,1,1,0,1.0,4,4,veiculos,False,False,True,False,True,False,False,False,False,False,False,False,False,False,False,True,False,True,False,True,False,True,False,True,False,True,False,False,True,True,real estate,0.2992544506415543,0.29965868405615065,2,0.2992544506415543,0.23413182275202502,922.5999999999999,0.2992544506415543,64.64195976972191
CR00096,54,15945,3,4,58,1,1,1,1.0,1,1,pessoal,False,False,False,True,False,False,False,False,False,True,False,False,False,False,False,True,False,True,False,False,True,True,False,False,True,True,False,False,True,True,unknown/no property,0.9803990486074267,0.8473502205282392,3,1.0,0.40143112166327327,11161.5,1.0,4480.573464444625
CR00097,12,2012,4,2,61,1,1,0,3.0,0,3,pessoal,True,False,False,False,False,False,False,False,False,False,False,False,True,False,False,False,False,True,True,False,False,True,False,True,False,True,False,False,False,True,car or other,0.30296518189788624,0.41835953692730926,2,0.30296518189788624,0.5904332831898405,1408.3999999999999,0.30296518189788624,251.93561596338412
CR00098,18,2622,4,4,34,1,1,0,1.0,2,2,pessoal,False,False,True,False,False,False,False,False,False,True,False,False,False,False,False,True,False,True,True,False,False,True,False,True,False,True,False,False,False,True,car or other,0.5153118529609599,0.4725304762760757,2,0.6625623025897995,0.7331779628392567,1835.3999999999999,0.6625623025897995,891.593415886425
CR00099,36,2337,4,4,36,1,1,0,1.0,1,4,bens_consumo,True,False,False,False,False,False,True,False,False,False,False,False,False,False,False,True,False,True,False,True,False,True,False,True,False,True,False,False,False,True,real estate,0.2995859765480249,0.4568944825410788,2,0.6563910254822471,0.3023621787907315,1635.8999999999999,0.6563910254822471,324.67350772525714
CR00100,20,7057,3,4,36,2,2,0,1.0,0,3,veiculos,False,True,False,False,False,True,False,False,False,False,False,False,False,False,False,True,False,True,False,False,False,False,False,False,True,False,False,False,True,True,building society savings agreement/life insurance,0.73977300450644,0.99,2,0.893931300055249,0.55,4939.9,0.893931300055249,2428.7621760286083
CR00101,24,1469,4,4,41,1,1,0,3.0,2,4,veiculos,False,False,True,False,True,False,False,False,False,False,False,False,False,False,True,False,False,True,False,True,False,True,False,False,True,False,False,True,False,True,real estate,0.3516215034913212,0.3794316754669355,2,0.5796053252651453,0.23086808968104355,1028.3,0.5796053252651453,137.59926440314973
CR00102,36,2323,4,4,24,1,1,0,1.0,1,3,bens_consumo,False,False,True,False,False,False,True,False,False,False,False,False,False,False,False,True,False,True,True,False,False,True,False,False,True,True,False,False,False,True,car or other,0.6884723882473183,0.8621740074200753,2,0.9697664157210404,0.5268864882905204,1626.1,0.9697664157210404,830.8668870205493
CR00103,6,932,3,2,24,1,1,0,3.0,1,2,bens_consumo,False,True,False,False,False,False,True,False,False,False,False,False,False,False,False,False,False,True,False,True,False,True,False,True,False,True,False,False,False,True,real estate,0.13041174470911746,0.12517133932072116,1,0.13041174470911743,0.46435976735652995,652.4,0.13041174470911746,39.508017953736065
CR00104,9,1919,4,3,35,1,1,0,1.0,1,3,bens_consumo,True,False,False,False,False,False,False,False,False,False,True,False,False,False,False,True,False,True,True,False,False,True,False,False,True,True,False,False,True,True,car or other,0.3148038789613069,0.1796051233362232,2,0.3148038789613069,0.721428461797598,1343.3,0.3148038789613069,305.0748187216946
CR00105,12,2445,2,4,26,1,1,0,3.0,0,1,veiculos,False,False,True,False,False,True,False,False,False,False,False,False,False,False,True,False,False,True,True,False,False,True,False,False,True,True,False,False,True,True,car or other,0.10292843103613263,0.12671807002993518,1,0.10292843103613258,0.6608829374769976,1711.5,0.10292843103613263,116.4224664545086
CR00106,24,11938,2,3,39,2,2,1,1.0,1,2,bens_consumo,True,False,False,False,False,False,False,False,True,False,False,False,False,False,False,True,False,False,True,False,False,True,False,True,False,False,False,False,True,True,car or other,0.32792193085846494,0.38327833979354947,3,1.0,0.6321015345932434,8356.6,1.0,5282.219683981898
CR00107,18,6458,2,4,39,2,2,1,3.0,1,4,veiculos,False,False,False,False,True,False,False,False,False,False,False,False,False,False,False,True,False,True,False,False,True,False,False,True,False,False,False,False,True,True,unknown/no property,0.6747014258003469,0.6409293768636312,3,1.0,0.6601410911151838,4520.599999999999,1.0,2984.2338164953
CR00108,12,6078,2,2,32,1,1,0,1.0,1,3,veiculos,False,False,True,False,True,False,False,False,False,False,False,False,False,False,False,True,False,True,True,False,False,True,False,True,False,True,False,False,False,True,car or other,0.5414525098740419,0.47866550721213663,2,0.5414525098740419,0.566858264818777,4254.599999999999,0.5414525098740419,1305.8508918921802
CR00109,24,7721,1,2,30,1,1,0,1.0,0,1,bens_consumo,False,False,True,False,False,False,False,False,False,False,True,False,False,False,False,False,False,True,False,False,False,True,False,True,False,True,False,False,True,False,building society savings agreement/life insurance,0.3430749086211109,0.35854362215175667,2,0.5684494243168382,0.55,5404.7,0.5684494243168382,1689.7642319828688
CR00110,14,1410,1,2,35,1,1,0,1.0,3,4,pessoal,False,False,True,False,False,False,False,False,False,True,False,False,False,False,True,False,False,True,False,True,False,True,False,True,False,True,False,False,True,True,real estate,0.1570985588869379,0.16539820905385522,1,0.18076921767067966,0.4304815777972467,986.9999999999999,0.1570985588869379,66.7488710378315
CR00111,6,1449,1,2,31,2,2,0,1.0,2,4,pessoal,False,True,False,False,False,False,False,False,False,True,False,False,False,True,False,False,False,True,True,False,False,False,False,True,False,True,False,False,False,True,car or other,0.6790466612874777,0.5696796054076689,2,0.6790466612874777,0.7505018904691764,1014.3,0.6790466612874777,516.9134519961209
CR00112,15,392,4,4,23,1,1,0,1.0,1,1,pessoal,False,False,True,False,False,False,False,False,False,False,False,False,True,False,False,False,False,True,False,False,False,True,False,False,True,True,False,False,True,True,building society savings agreement/life insurance,0.8837072050082136,0.7759971771326614,2,0.9320888615990642,0.55,274.4,0.9320888615990642,140.67085099253077
CR00113,18,6260,3,3,28,1,1,0,1.0,1,3,veiculos,False,False,True,False,True,False,False,False,False,False,False,False,False,False,False,True,False,True,False,True,False,True,False,False,True,False,False,True,False,True,real estate,0.7233565128203933,0.9366607535887583,2,0.8544940758616514,0.3499739634322359,4382.0,0.8544940758616514,1310.4400730058821
CR00114,36,7855,4,2,25,2,1,1,3.0,1,2,veiculos,True,False,False,False,True,False,False,False,False,False,False,False,False,False,False,False,False,True,False,True,False,False,True,True,False,True,False,False,True,True,real estate,0.5115937411160516,0.5218218078556217,3,1.0,0.30791566772118745,5498.5,1.0,1693.074298964949
CR00115,12,1680,3,1,35,1,1,0,1.0,3,4,bens_consumo,False,False,True,False,False,False,True,False,False,False,False,False,False,False,True,False,False,True,False,True,False,True,False,True,False,True,False,False,False,True,real estate,0.3093887573613031,0.30667142219349997,2,0.3093887573613031,0.37422084230318553,1176.0,0.3093887573613031,136.1569523415661
CR00116,48,3578,4,1,47,1,1,0,3.0,0,4,bens_consumo,True,False,False,False,False,False,True,False,False,False,False,False,False,False,False,True,False,True,False,True,False,True,False,True,False,True,False,False,True,True,real estate,0.08467612076617914,0.11021740123773854,1,0.29806132747546965,0.3235116579184263,2504.6,0.08467612076617914,68.61029161410852
CR00117,42,7174,4,3,30,1,1,1,1.0,0,3,bens_consumo,False,False,True,False,False,False,True,False,False,False,False,False,False,False,False,False,False,True,True,False,False,True,False,True,False,False,False,False,True,True,car or other,0.7952703562316084,0.7452519524444271,3,1.0,0.6166299000401315,5021.799999999999,1.0,3096.592032021532
CR00118,10,2132,2,3,27,2,1,0,1.0,0,1,bens_consumo,True,False,False,False,False,False,False,False,False,False,True,False,False,False,False,False,False,False,False,True,False,True,False,False,True,True,False,False,False,False,real estate,0.29331334683387383,0.36348229907503626,2,0.2933133468338738,0.33836487906693546,1492.3999999999999,0.2933133468338738,148.11612598825346
CR00119,33,4281,1,4,23,2,1,1,1.0,3,2,bens_consumo,True,False,False,False,False,False,False,False,False,False,True,False,False,False,False,False,False,True,True,False,False,True,False,True,False,True,False,False,False,True,car or other,0.46935761250953517,0.3680976664547192,3,1.0,0.6814660467276864,2996.7,1.0,2042.1493022288578
CR00120,12,2366,3,3,36,1,1,0,1.0,3,3,veiculos,True,False,False,False,True,False,False,False,False,False,False,False,False,True,False,False,False,True,True,False,False,True,False,True,False,False,False,False,True,True,car or other,0.4643029046873534,0.44246026902920754,2,0.46430290468735347,0.6735504040476531,1656.1999999999998,0.46430290468735347,517.9457596730252
CR00121,21,1835,3,2,25,2,1,1,1.0,1,2,bens_consumo,False,False,True,False,False,False,True,False,False,False,False,False,False,False,False,False,False,True,False,True,False,True,False,True,False,True,False,False,True,True,real estate,0.49537367726304055,0.48443620938756426,3,1.0,0.2687251969012207,1284.5,1.0,345.177515419618
CR00122,24,3868,4,2,41,2,1,0,3.0,1,4,veiculos,True,False,False,False,False,True,False,False,False,False,False,False,False,False,False,False,False,True,True,False,False,True,False,False,True,False,False,False,True,True,car or other,0.09648172178493535,0.11184462899433428,1,0.183654720931285,0.4832714158805625,2707.6,0.09648172178493535,126.24688151575194
CR00123,12,1768,3,2,24,1,1,0,3.0,1,2,bens_consumo,False,False,True,False,False,False,False,False,False,False,True,False,False,False,False,True,False,True,False,True,False,True,False,False,True,False,False,True,False,True,real estate,0.1927599443391426,0.19856133780804963,1,0.19275994433914256,0.2484212025593123,1237.6,0.1927599443391426,59.26328932348773
CR00124,10,781,4,4,63,2,1,0,1.0,1,4,veiculos,True,False,False,False,True,False,False,False,False,False,False,False,False,False,False,True,False,True,False,False,True,True,False,False,False,True,False,False,True,True,unknown/no property,0.34322485854561763,0.5655633815802252,2,0.3432248585456177,0.8622185208062774,546.6999999999999,0.3432248585456177,161.78757147306123
CR00125,18,1924,4,3,27,1,1,1,1.0,0,1,bens_consumo,False,False,True,False,False,False,False,False,False,False,True,False,False,False,False,False,False,True,False,True,False,True,False,False,True,True,False,False,False,True,real estate,0.7882869464977014,0.99,3,1.0,0.16416513674022815,1346.8,1.0,221.09760616173926
CR00126,12,2121,4,2,30,2,1,0,1.0,1,2,veiculos,True,False,False,False,True,False,False,False,False,False,False,False,False,False,False,True,False,True,False,False,False,True,False,True,False,True,False,False,False,True,building society savings agreement/life insurance,0.4909497210104643,0.44837582308311996,2,0.4909497210104643,0.55,1484.6999999999998,0.4909497210104643,400.90217793133
CR00127,12,701,4,2,40,1,1,0,1.0,1,2,bens_consumo,False,False,True,False,False,False,True,False,False,False,False,False,False,False,True,False,False,True,False,True,False,True,False,True,False,False,False,True,False,True,real estate,0.4845575709562074,0.8249955647257041,2,0.48455757095620733,0.37180095055080453,490.7,0.48455757095620733,88.40400436010701
CR00128,12,639,4,2,30,1,1,1,1.0,1,2,pessoal,False,False,True,False,False,False,False,True,False,False,False,False,False,False,False,True,False,True,True,False,False,True,False,True,False,True,False,False,False,True,car or other,0.6348896693887647,0.5137820274652032,3,1.0,0.6110975223684565,447.29999999999995,1.0,273.3439217554106
CR00129,12,1860,4,2,34,2,1,0,1.0,1,0,veiculos,True,False,False,False,False,True,False,False,False,False,False,False,False,False,False,True,False,True,True,False,False,True,False,True,False,False,False,False,True,True,car or other,0.20308547895209447,0.3142381342596517,2,0.2030854789520945,0.4869832397823668,1302.0,0.2030854789520945,128.7667902896837
CR00130,12,3499,3,2,29,2,1,1,1.0,1,2,veiculos,True,False,False,False,True,False,False,False,False,False,False,False,False,False,False,False,False,False,False,True,False,True,False,True,False,True,False,False,False,True,real estate,0.6251846382738298,0.5174238692102499,3,1.0,0.25891548948330073,2449.2999999999997,1.0,634.1617083914484
CR00131,48,8487,1,2,24,1,1,0,1.0,0,3,veiculos,False,False,True,False,True,False,False,False,False,False,False,False,False,False,False,False,False,True,True,False,False,True,False,True,False,True,False,False,False,True,car or other,0.8346436974650843,0.99,2,0.9992523763855045,0.2936728884168952,5940.9,0.9992523763855045,1743.3768978840985
CR00132,36,6887,4,3,29,1,1,1,1.0,1,2,pessoal,False,True,False,False,False,False,False,False,False,False,False,False,True,False,False,True,False,True,False,False,False,False,True,True,False,True,False,False,True,True,building society savings agreement/life insurance,0.9261761024268651,0.7622820418660061,3,1.0,0.55,4820.9,1.0,2651.495
CR00133,15,2708,2,3,27,2,1,0,3.0,1,1,bens_consumo,False,False,True,False,False,False,False,False,False,False,True,False,False,False,False,True,False,True,False,False,False,False,False,True,False,False,False,True,False,True,building society savings agreement/life insurance,0.3811632855567092,0.36888688503855394,2,0.4511292470984225,0.55,1895.6,0.4511292470984225,470.33833043987335
CR00134,18,1984,4,4,47,2,1,0,3.0,1,2,bens_consumo,False,False,True,False,False,False,False,False,False,False,True,False,False,False,False,True,False,True,False,False,True,False,False,False,False,True,False,False,False,True,unknown/no property,0.5630144087929806,0.826759593584868,2,0.7111311744514166,0.5069210698591249,1388.8,0.7111311744514166,500.6448674597767
CR00135,60,10144,2,4,21,1,1,0,3.0,2,3,bens_consumo,False,False,True,False,False,False,True,False,False,False,False,False,False,False,False,False,False,True,False,True,False,True,False,True,False,True,False,False,True,True,real estate,0.3957151105950131,0.28957297774615176,2,0.9194234492357184,0.29721412897235405,7100.799999999999,0.9194234492357184,1940.404653823292
CR00136,12,1240,4,2,38,2,1,0,3.0,0,4,bens_consumo,True,False,False,False,False,False,True,False,False,False,False,False,False,False,False,False,False,True,False,True,False,True,False,True,False,True,False,False,True,True,real estate,0.06471704196393702,0.045132282004487156,1,0.06471704196393702,0.38636218729520083,868.0,0.06471704196393702,21.70366112718502
CR00137,27,8613,2,2,27,2,1,0,3.0,4,2,veiculos,False,True,False,False,False,True,False,False,False,False,False,False,False,False,False,True,False,True,True,False,False,True,False,True,False,True,False,False,False,True,car or other,0.12883589015139968,0.1309729288175481,1,0.26679580019422655,0.7954109395056643,6029.099999999999,0.12883589015139968,617.8469531282768
CR00138,12,766,4,3,66,1,1,1,1.0,3,2,bens_consumo,False,False,True,False,False,False,True,False,False,False,False,False,False,False,False,True,False,True,False,True,False,True,False,True,False,False,False,True,False,True,real estate,0.30179510723274783,0.32318580396056995,3,1.0,0.3677338300993049,536.1999999999999,1.0,197.17887969924726
CR00139,15,2728,4,2,35,3,1,0,1.0,0,3,bens_consumo,True,False,False,False,False,False,True,False,False,False,False,False,False,False,False,True,True,False,False,True,False,False,False,True,False,True,False,False,True,True,real estate,0.3913019225258081,0.40725771191821264,2,0.46234658012077057,0.32392685267691573,1909.6,0.46234658012077057,285.9940559708944
CR00140,12,1881,2,2,44,1,1,0,1.0,1,2,bens_consumo,False,False,True,False,False,False,True,False,False,False,False,False,False,False,False,False,False,True,True,False,False,True,False,False,True,False,False,True,True,True,car or other,0.44370918650195607,0.5662057019438509,2,0.443709186501956,0.8001379179445876,1316.6999999999998,0.443709186501956,467.4660847545616
CR00141,6,709,2,2,27,1,1,0,1.0,4,1,veiculos,False,False,True,False,True,False,False,False,False,False,False,False,False,False,True,False,False,True,False,True,False,True,False,True,False,False,True,False,False,False,real estate,0.1779330328116702,0.13520073086563203,1,0.17793303281167017,0.30960516717772135,496.29999999999995,0.1779330328116702,27.340663935478705
CR00142,36,4795,4,1,30,1,1,0,1.0,1,1,bens_consumo,False,False,True,False,False,False,True,False,False,False,False,False,False,False,False,False,False,True,False,False,True,True,False,True,False,False,False,False,True,True,unknown/no property,0.869547988314896,0.99,2,0.9977800032325329,0.7727520664426665,3356.5,0.9977800032325329,2587.9842114687144
CR00143,27,3416,3,2,27,1,1,0,1.0,1,2,bens_consumo,False,False,True,False,False,False,True,False,False,False,False,False,False,False,False,True,False,True,True,False,False,True,False,True,False,False,False,False,False,True,car or other,0.5421464643984616,0.5491292257136089,2,0.8275612811840497,0.4773609953533368,2391.2,0.8275612811840497,944.6327443678247
CR00144,18,2462,2,2,22,1,1,1,1.0,1,2,bens_consumo,False,False,True,False,False,False,False,False,False,False,True,False,False,False,False,True,False,True,True,False,False,True,False,True,False,True,False,False,False,True,car or other,0.44643008683226165,0.5443578855587181,3,1.0,0.48694998179486265,1723.3999999999999,1.0,839.2095986252663
CR00145,21,2288,4,4,23,1,1,0,3.0,1,1,bens_consumo,True,False,False,False,False,False,False,False,False,False,True,False,False,False,False,False,False,True,False,False,False,True,False,True,False,True,False,False,True,True,building society savings agreement/life insurance,0.182691075384083,0.2136448140421427,1,0.29745212880910843,0.55,1601.6,0.182691075384083,160.92891448433105
CR00146,48,3566,4,2,30,1,1,0,1.0,2,3,pessoal,False,False,False,False,False,False,False,False,False,True,False,False,False,False,False,True,False,True,True,False,False,True,False,True,False,True,False,False,False,True,car or other,0.7249129603551311,0.99,2,0.9942736153262526,0.6618271006385957,2496.2,0.9942736153262526,1642.5925187305936
CR00147,6,860,1,4,39,2,1,0,1.0,1,4,veiculos,True,False,False,False,True,False,False,False,False,False,False,False,False,False,False,False,False,True,False,False,True,True,False,True,False,True,False,False,True,True,unknown/no property,0.3269713847173868,0.23879497298136187,2,0.32697138471738674,0.5970241229547013,602.0,0.32697138471738674,117.51630212369359
CR00148,12,682,4,3,51,2,1,0,3.0,2,3,veiculos,True,False,False,False,True,False,False,False,False,False,False,False,False,False,False,False,False,True,True,False,False,True,False,True,False,True,False,False,True,True,car or other,0.12183157995326209,0.12661633022257995,1,0.1218315799532621,0.4862954354995581,477.4,0.12183157995326209,28.28410782366547
CR00149,36,5371,3,2,28,2,1,0,1.0,1,2,bens_consumo,True,False,False,False,False,False,False,False,False,False,True,False,False,False,False,True,True,False,False,False,False,True,False,True,False,True,False,False,False,True,building society savings agreement/life insurance,0.46170074991548143,0.36264940789036504,2,0.8440191350141223,0.55,3759.7,0.8440191350141223,1745.2923080519276
CR00150,18,1582,4,4,46,2,1,0,3.0,4,4,bens_consumo,True,False,False,False,False,False,True,False,False,False,False,False,False,False,False,True,False,True,True,False,False,True,False,True,False,True,False,False,False,True,car or other,0.05658640356897057,0.05639821942314104,1,0.0836672756889777,0.444246026647493,1107.3999999999999,0.05658640356897057,27.838136751178986
CR00151,6,1346,2,4,42,1,2,0,3.0,2,4,bens_consumo,False,False,True,False,False,False,True,False,False,False,False,False,False,False,False,True,False,True,False,False,True,False,False,False,False,True,False,False,True,True,unknown/no property,0.14987339012037482,0.17828649051836964,1,0.14987339012037482,0.6354337217053236,942.1999999999999,0.14987339012037482,89.73004583800795
CR00152,10,1924,1,4,38,1,1,0,3.0,1,2,bens_consumo,False,False,True,False,False,False,True,False,False,False,False,False,False,False,False,True,False,True,False,False,False,True,False,True,False,True,False,False,True,False,building society savings agreement/life insurance,0.013294629001359857,0.014425989903238404,1,0.013294629001359803,0.55,1346.8,0.013294629001359857,9.8478634864673
CR00153,36,5848,4,1,24,1,1,0,1.0,1,2,bens_consumo,False,False,True,False,False,False,True,False,False,False,False,False,False,False,False,True,False,True,True,False,False,True,False,True,False,True,False,False,False,True,car or other,0.7130181913772736,0.820213519968111,2,0.9763645919317425,0.41393393089465125,4093.6,0.9763645919317425,1654.4302146765413
CR00154,24,7758,2,4,29,1,1,0,1.0,4,4,veiculos,True,False,False,False,False,True,False,False,False,False,False,False,False,False,False,False,False,True,False,False,True,True,False,False,True,True,False,False,False,True,unknown/no property,0.4532990393731514,0.4523979731261981,2,0.7011180596496809,0.7989999821964112,5430.599999999999,0.7011180596496809,3042.1858282650946
CR00155,24,6967,4,4,36,1,1,0,1.0,2,3,pessoal,False,True,False,False,False,False,False,False,False,True,False,False,False,False,False,True,False,True,True,False,False,True,False,False,True,False,False,False,True,True,car or other,0.6727261207643159,0.7388943918735018,2,0.8928918079700269,0.569390346142854,4876.9,0.8928918079700269,2479.435348643495
CR00156,12,1282,2,4,20,1,1,1,1.0,1,2,bens_consumo,False,False,True,False,False,False,False,False,False,False,True,False,False,False,False,False,False,True,True,False,False,True,False,False,True,True,False,False,False,True,car or other,0.6196704436800319,0.6679198780167872,3,1.0,0.4369313722476421,897.4,1.0,392.102213455034
CR00157,9,1288,3,4,48,2,2,0,1.0,2,4,pessoal,True,False,False,False,False,False,False,True,False,False,False,False,False,False,False,True,True,False,False,True,False,True,False,True,False,True,False,False,False,False,real estate,0.07983085921196847,0.1126802101085769,1,0.07983085921196853,0.2964649868784763,901.5999999999999,0.07983085921196847,21.338216453302383
CR00158,12,339,4,1,45,1,1,0,1.0,1,4,pj_capital_giro,False,False,False,False,False,False,False,False,False,False,False,False,False,False,True,False,False,True,True,False,False,False,False,True,False,False,False,True,False,True,car or other,0.6709247370063854,0.8208730320855512,2,0.6709247370063854,0.49903089758728586,237.29999999999998,0.6709247370063854,79.45092882418555
CR00159,24,3512,2,3,38,2,1,0,1.0,2,3,veiculos,False,False,True,False,True,False,False,False,False,False,False,False,False,False,False,True,False,True,True,False,False,False,False,True,False,True,False,False,True,True,car or other,0.6996813340795054,0.4627146730276676,2,0.9098086988997344,0.5786922999875389,2458.3999999999996,0.9098086988997344,1294.3458508851713
CR00160,6,1898,1,2,34,2,2,0,3.0,0,2,bens_consumo,True,False,False,False,False,False,True,False,False,False,False,False,False,False,False,True,False,True,False,True,False,True,False,True,False,False,False,True,False,True,real estate,0.0395210474246555,0.04674193279229071,1,0.03952104742465545,0.39469629822339625,1328.6,0.0395210474246555,20.72458045459375
CR00161,24,2872,3,4,36,1,2,0,3.0,2,4,bens_consumo,True,False,False,False,False,False,True,False,False,False,False,False,False,False,False,True,False,True,False,True,False,True,False,True,False,True,False,False,True,True,real estate,0.042008692621956015,0.05467464157380416,1,0.08225265498810608,0.28206749277600707,2010.3999999999999,0.042008692621956015,23.82180578601396
CR00162,18,1055,4,1,30,2,1,0,3.0,1,1,veiculos,True,False,False,False,True,False,False,False,False,False,False,False,False,False,False,False,False,True,False,False,False,True,False,True,False,True,False,False,False,True,building society savings agreement/life insurance,0.28335413842604756,0.26043828015028964,2,0.3933238864820634,0.55,738.5,0.3933238864820634,159.75832959185212
CR00163,15,1262,4,3,36,2,1,0,3.0,3,3,bens_consumo,False,False,True,False,False,False,False,False,False,False,False,True,False,False,False,True,False,True,False,False,False,True,False,True,False,True,False,False,True,True,building society savings agreement/life insurance,0.13314121999765838,0.09365261199303683,1,0.1635587538303661,0.55,883.4,0.13314121999765838,64.68932456026228
CR00164,10,7308,2,4,70,1,1,0,1.0,1,0,veiculos,False,False,True,False,True,False,False,False,False,False,False,False,False,False,False,True,False,True,False,False,True,False,False,False,False,False,False,False,True,True,unknown/no property,0.8421450808525923,0.99,2,0.8421450808525923,0.6328701898523273,5115.599999999999,0.8421450808525923,2726.4537466005136
CR00165,36,909,4,4,36,1,1,0,3.0,3,4,veiculos,False,False,True,False,True,False,False,False,False,False,False,False,False,False,False,True,False,True,False,False,False,True,False,True,False,True,False,False,False,True,building society savings agreement/life insurance,0.23487926088491812,0.24744839635813318,2,0.5520908628960103,0.55,636.3,0.5520908628960103,193.21247883340223
CR00166,6,2978,1,2,32,1,1,0,3.0,3,2,bens_consumo,False,False,True,False,False,False,False,False,False,False,True,False,False,False,False,True,False,True,True,False,False,True,False,True,False,True,False,False,True,True,car or other,0.05308595122232303,0.062173288342856015,1,0.05308595122232307,0.4499500175758899,2084.6,0.05308595122232303,49.79280705942891
CR00167,18,1131,4,2,33,1,1,1,1.0,1,0,bens_consumo,False,False,True,False,False,False,False,False,False,False,True,False,False,False,False,False,False,True,True,False,False,True,False,True,False,True,False,False,False,True,car or other,0.7369006123309364,0.99,3,1.0,0.6496385784353601,791.6999999999999,1.0,514.3188625472745
CR00168,11,1577,4,1,20,1,1,0,1.0,4,1,bens_consumo,False,False,True,False,False,False,False,False,False,False,True,False,False,False,False,False,False,True,False,True,False,True,False,True,False,True,False,False,False,True,real estate,0.5942036027125647,0.49447191209201935,2,0.5942036027125647,0.23690834264626756,1103.8999999999999,0.5942036027125647,155.39797976816337
CR00169,24,3972,2,4,25,1,1,0,3.0,1,3,bens_consumo,False,False,True,False,False,False,False,False,False,False,True,False,False,False,False,False,False,True,False,False,False,True,False,False,True,True,False,False,True,True,building society savings agreement/life insurance,0.26065671060179696,0.26218889995459954,2,0.45337150042184504,0.55,2780.3999999999996,0.45337150042184504,693.3047658750938
CR00170,24,1935,4,4,31,2,1,1,1.0,1,4,pessoal,True,False,False,False,False,False,False,False,False,True,False,False,False,True,False,False,False,True,False,True,False,True,False,True,False,True,False,False,True,True,real estate,0.4533423746377639,0.4453173494558295,3,1.0,0.22711737259488096,1354.5,1.0,307.63048117976626
CR00171,15,950,4,3,33,2,2,1,1.0,1,4,veiculos,False,False,False,True,True,False,False,False,False,False,False,False,False,False,False,True,False,True,True,False,False,True,False,False,True,True,False,False,False,True,car or other,0.8602365624547996,0.99,3,1.0,0.44252954848372683,665.0,1.0,294.2821497416783
CR00172,12,763,4,1,26,1,1,0,3.0,1,2,bens_consumo,False,False,True,False,False,False,False,False,False,False,True,False,False,False,False,False,False,True,False,True,False,True,False,True,False,True,False,False,True,True,real estate,0.17251848020717958,0.15397778236058204,1,0.17251848020717953,0.404377096070411,534.1,0.17251848020717958,37.26016302405288
CR00173,24,2064,3,2,34,1,1,1,1.0,1,0,bens_consumo,False,True,False,False,False,False,False,False,False,False,True,False,False,False,False,False,False,True,False,False,False,True,False,True,False,False,False,False,True,True,building society savings agreement/life insurance,0.6705563985496731,0.7673416590299501,3,1.0,0.55,1444.8,1.0,794.64
CR00174,8,1414,4,2,33,1,1,0,1.0,1,2,bens_consumo,False,False,True,False,False,False,True,False,False,False,False,False,False,False,False,True,True,False,False,True,False,True,False,True,False,True,False,False,False,False,real estate,0.10192838107704463,0.10563568311550849,1,0.1019283810770446,0.3517869669882668,989.8,0.10192838107704463,35.49133385362077
CR00175,21,3414,2,1,26,2,1,1,1.0,1,1,pessoal,False,True,False,False,False,False,False,False,False,False,False,False,True,False,False,True,False,True,False,False,False,True,False,True,False,True,False,False,False,True,building society savings agreement/life insurance,0.8135007761272458,0.99,3,1.0,0.55,2389.7999999999997,1.0,1314.3899999999999
CR00176,30,7485,4,1,53,1,1,1,3.0,0,0,veiculos,False,False,False,False,False,True,False,False,False,False,False,False,False,False,False,False,False,True,False,True,False,False,False,True,False,False,False,False,True,True,real estate,0.5293762779169026,0.7174657199836398,3,1.0,0.28652671022490045,5239.5,1.0,1501.256698223366
CR00177,12,2577,2,1,42,1,1,0,1.0,1,2,bens_consumo,False,False,True,False,False,False,False,False,False,False,True,False,False,True,False,False,False,True,True,False,False,True,False,True,False,True,False,False,False,True,car or other,0.6218526775987849,0.44533207869597813,2,0.6218526775987849,0.49314546772819245,1803.8999999999999,0.6218526775987849,553.1908821297217
CR00178,6,338,4,4,52,2,1,0,1.0,3,4,bens_consumo,True,False,False,False,False,False,True,False,False,False,False,False,False,False,False,True,False,True,True,False,False,True,False,True,False,True,False,False,False,True,car or other,0.1631115134898321,0.1851581407633863,1,0.1631115134898321,0.6589670911754667,236.6,0.1631115134898321,25.430979293011898
CR00179,12,1963,4,2,31,2,2,0,3.0,1,3,bens_consumo,False,False,True,False,False,False,True,False,False,False,False,False,False,False,False,True,False,True,True,False,False,True,False,False,True,False,False,False,True,True,car or other,0.22052536252950417,0.20501694248524407,2,0.22052536252950417,0.41334121186718736,1374.1,0.22052536252950417,125.25226632013376
CR00180,21,571,4,4,65,2,1,0,1.0,1,4,veiculos,True,False,False,False,True,False,False,False,False,False,False,False,False,False,False,True,False,True,False,True,False,True,False,True,False,True,False,False,False,True,real estate,0.31616990299894204,0.31885209572635886,2,0.48576767923697206,0.3034437954166817,399.7,0.48576767923697206,58.91705435488447
CR00181,36,9572,1,1,28,2,1,1,3.0,1,1,pessoal,False,True,False,False,False,False,False,False,False,True,False,False,False,True,False,False,False,True,True,False,False,True,False,True,False,True,False,False,False,True,car or other,0.5733857460612442,0.6402412095050942,3,1.0,0.47734333832710574,6700.4,1.0,3198.3913041269393
CR00182,36,4455,2,2,30,2,1,1,1.0,1,2,pessoal,False,True,False,False,False,False,False,False,False,True,False,False,False,True,False,False,False,True,False,True,False,False,True,True,False,False,False,False,True,True,real estate,0.7895007042883709,0.8964037885724173,3,1.0,0.16912303867678688,3118.5,1.0,527.4101961135599
CR00183,21,1647,4,2,40,2,2,1,1.0,0,2,veiculos,False,False,False,False,True,False,False,False,False,False,False,False,False,False,False,True,False,True,False,False,False,True,False,True,False,False,False,True,False,True,building society savings agreement/life insurance,0.809036171141654,0.6911265719439054,3,1.0,0.55,1152.8999999999999,1.0,634.095
CR00184,24,3777,4,4,50,1,1,0,3.0,4,2,bens_consumo,True,False,False,False,False,False,False,False,False,False,True,False,False,False,False,True,False,True,False,True,False,True,False,True,False,True,False,False,True,True,real estate,0.07147290096268587,0.07707548539712909,1,0.13783742635334983,0.28007393026272925,2643.8999999999996,0.07147290096268587,52.92478719442293
CR00185,18,884,4,4,36,1,2,1,1.0,1,4,veiculos,True,False,False,False,True,False,False,False,False,False,False,False,False,False,False,True,False,True,True,False,False,False,False,True,False,True,False,False,True,True,car or other,0.5531058994426579,0.574448468419724,3,1.0,0.6234685836040905,618.8,1.0,385.8023595342112
CR00186,15,1360,4,2,31,2,1,0,3.0,1,2,bens_consumo,True,False,False,False,False,False,True,False,False,False,False,False,False,False,False,True,False,True,False,False,False,True,False,True,False,True,False,False,False,True,building society savings agreement/life insurance,0.09451452431141219,0.09399091510762232,1,0.11671295538028426,0.55,951.9999999999999,0.09451452431141219,49.48780492945542
CR00187,9,5129,2,4,74,1,2,1,1.0,1,4,veiculos,False,False,False,False,False,True,False,False,False,False,False,False,False,False,False,False,False,True,False,False,True,False,False,False,False,False,False,False,True,True,unknown/no property,0.5768145344242529,0.42983168592057835,3,1.0,0.7291079721173821,3590.2999999999997,1.0,2617.716352293037
CR00188,16,1175,2,3,68,3,1,0,1.0,1,0,veiculos,True,False,False,False,True,False,False,False,False,False,False,False,False,False,False,True,False,True,True,False,False,True,False,False,False,False,True,False,True,True,car or other,0.2641381627439317,0.22281560952830162,2,0.3356529045636798,0.5561715561574009,822.5,0.3356529045636798,153.54479206879518
CR00189,12,674,4,1,20,1,1,1,1.0,2,3,bens_consumo,False,False,True,False,False,False,True,False,False,False,False,False,False,False,True,False,False,True,False,False,False,True,False,True,False,True,False,False,False,True,building society savings agreement/life insurance,0.48595893321553224,0.44163071826923134,3,1.0,0.55,471.79999999999995,1.0,259.49
CR00190,18,3244,1,4,33,2,1,0,1.0,1,2,bens_consumo,False,False,False,True,False,False,False,False,False,False,True,False,False,False,False,False,False,True,True,False,False,False,False,True,False,True,False,False,True,True,car or other,0.8446496709114247,0.972446245185782,2,0.9387694350693724,0.3729304633748243,2270.7999999999997,0.9387694350693724,794.9973619355106
CR00191,24,4591,2,3,54,3,1,1,3.0,4,2,pessoal,False,False,True,False,False,False,False,False,False,True,False,False,False,False,False,True,False,True,False,False,False,True,False,True,False,False,False,False,True,True,building society savings agreement/life insurance,0.1281082640307445,0.1809766285984924,3,1.0,0.55,3213.7,1.0,1767.535
CR00192,48,3844,4,4,34,1,2,1,1.0,2,3,pessoal,False,False,False,True,False,False,False,False,False,True,False,False,False,False,False,True,False,True,False,False,True,True,False,False,False,False,False,True,False,True,unknown/no property,0.9108498202708953,0.7183777531019523,3,1.0,0.6611101822966815,2690.7999999999997,1.0,1778.9152785239105
CR00193,27,3915,4,2,36,1,2,1,1.0,1,2,pessoal,False,False,True,False,False,False,False,False,False,True,False,False,False,False,False,True,False,True,True,False,False,True,False,True,False,True,False,False,True,True,car or other,0.5867796356917118,0.46083384641677716,3,1.0,0.5666056847755133,2740.5,1.0,1552.7828791272943
CR00194,6,2108,2,2,29,1,1,0,3.0,1,3,bens_consumo,False,False,True,False,False,False,True,False,False,False,False,False,False,False,True,False,False,True,False,True,False,True,False,False,True,True,False,False,False,True,real estate,0.12444437112215946,0.12889986950061139,1,0.12444437112215945,0.29337517784758854,1475.6,0.12444437112215946,53.87251736109595
CR00195,45,3031,4,4,21,1,1,1,1.0,2,2,bens_consumo,False,False,True,False,False,False,True,False,False,False,False,False,False,False,False,True,True,False,False,False,False,True,False,False,True,True,False,False,False,True,building society savings agreement/life insurance,0.6818964231439952,0.5955032305311109,3,1.0,0.55,2121.7,1.0,1166.935
CR00196,9,1501,2,3,34,2,1,1,1.0,1,4,pessoal,True,False,False,False,False,False,False,False,False,False,False,False,True,False,False,False,False,True,True,False,False,True,False,True,False,False,False,False,True,True,car or other,0.47698360826265007,0.3923370777825416,3,1.0,0.5054901214876616,1050.7,1.0,531.118470647086
CR00197,6,1382,1,1,28,2,1,0,3.0,1,2,bens_consumo,True,False,False,False,False,False,True,False,False,False,False,False,False,False,False,False,False,True,True,False,False,True,False,True,False,True,False,False,True,True,car or other,0.0387789452240711,0.031502954570176704,1,0.038778945224071104,0.4113802722338202,967.4,0.0387789452240711,15.432828730009836
CR00198,12,951,4,4,27,4,1,1,1.0,2,1,bens_consumo,False,False,True,False,False,False,False,False,False,False,True,False,False,False,False,False,False,True,True,False,False,False,False,False,True,True,False,False,False,True,car or other,0.9379137949988804,0.7449463284869561,3,1.0,0.5707850884836899,665.6999999999999,1.0,379.97163340359236
CR00199,24,2760,4,4,36,1,1,0,1.0,0,4,veiculos,False,False,True,False,False,True,False,False,False,False,False,False,False,False,False,True,False,True,False,False,True,False,False,False,False,True,False,False,True,True,unknown/no property,0.56711407880329,0.6355335570081607,2,0.8126097792296758,0.6531788503783109,1931.9999999999998,0.8126097792296758,1025.4660353513932
CR00200,18,4297,4,3,40,1,1,1,1.0,1,4,bens_consumo,False,True,False,False,False,False,False,False,False,False,True,False,False,True,False,False,False,True,False,False,True,True,False,True,False,False,False,False,True,True,unknown/no property,0.8422636048178082,0.5767159106882335,3,1.0,0.5001945866804394,3007.8999999999996,1.0,1504.5352972760934
CR00201,9,936,4,2,52,2,1,0,3.0,3,4,pessoal,True,False,False,False,False,False,False,False,False,False,False,False,True,False,False,True,False,True,True,False,False,True,False,True,False,True,False,False,True,True,car or other,0.11955143726057303,0.16326831971875877,1,0.11955143726057305,0.6654056634233104,655.1999999999999,0.11955143726057303,52.12129328313084
CR00202,12,1168,4,3,27,1,1,0,1.0,1,2,veiculos,False,False,True,False,True,False,False,False,False,False,False,False,False,False,True,False,False,True,False,True,False,True,False,True,False,False,False,True,False,True,real estate,0.6762716005282009,0.5452061620003297,2,0.6762716005282009,0.3177373019748359,817.5999999999999,0.6762716005282009,175.68320116529864
CR00203,27,5117,3,4,26,2,1,0,3.0,1,3,pessoal,False,True,False,False,False,False,False,False,False,True,False,False,False,False,False,True,False,True,True,False,False,True,False,True,False,True,False,False,False,True,car or other,0.25025074810060294,0.22118078258022975,2,0.4769284582145841,0.43023539251238924,3581.8999999999996,0.4769284582145841,734.9754425192016
CR00204,12,902,4,4,21,1,1,1,1.0,1,3,pj_capital_giro,False,False,True,False,False,False,False,False,False,False,False,False,False,False,True,False,False,True,False,False,False,True,False,False,True,True,False,False,False,True,building society savings agreement/life insurance,0.5826325496118768,0.4683200520821812,3,1.0,0.55,631.4,1.0,347.27000000000004
CR00205,12,1495,4,1,38,2,2,0,3.0,1,4,veiculos,True,False,False,False,True,False,False,False,False,False,False,False,False,False,False,True,False,True,False,True,False,True,False,True,False,False,False,True,False,True,real estate,0.11844654134977387,0.07404771288617483,1,0.11844654134977384,0.3538909984408351,1046.5,0.11844654134977387,43.86631294241142
CR00206,30,10623,3,4,38,3,2,0,1.0,1,4,veiculos,True,False,False,False,False,True,False,False,False,False,False,False,False,False,False,True,False,True,False,False,True,True,False,False,False,False,False,False,True,True,unknown/no property,0.5022961918650618,0.3465678452279964,2,0.8252458856956677,0.6629704552609983,7436.099999999999,0.8252458856956677,4068.39174243379
CR00207,12,1935,4,4,43,3,1,0,3.0,1,4,bens_consumo,True,False,False,False,False,False,False,False,False,False,True,False,False,False,False,True,False,True,False,True,False,True,False,True,False,True,False,False,True,True,real estate,0.06509011216999078,0.08666645306295698,1,0.06509011216999072,0.27133186044547997,1354.5,0.06509011216999078,23.921853258322173
CR00208,12,1424,4,3,26,1,1,0,1.0,1,3,bens_consumo,True,False,False,False,False,False,False,False,False,False,False,True,False,False,False,True,False,True,False,False,False,True,False,True,False,True,False,False,False,True,building society savings agreement/life insurance,0.3169775836018906,0.4834746833268297,2,0.31697758360189066,0.55,996.8,0.31697758360189066,173.77979043390056
CR00209,24,6568,2,2,21,1,1,0,1.0,1,2,pessoal,False,False,True,False,False,False,False,False,False,True,False,False,False,False,True,False,False,True,True,False,False,False,True,True,False,False,False,True,False,True,car or other,0.7435210557233808,0.6061786959891796,2,0.9342185511427509,0.5614708751442337,4597.599999999999,0.9342185511427509,2411.6090468180855
CR00210,12,1413,3,2,55,1,1,0,3.0,4,3,veiculos,False,False,True,False,False,True,False,False,False,False,False,False,False,False,False,True,False,True,False,False,False,True,False,True,False,True,False,False,False,False,building society savings agreement/life insurance,0.009072088542925235,0.011692593544016017,1,0.009072088542925183,0.55,989.0999999999999,0.009072088542925235,4.935261527794042
CR00211,9,3074,1,2,33,2,2,0,3.0,0,2,bens_consumo,True,False,False,False,False,False,True,False,False,False,False,False,False,False,False,True,False,True,False,True,False,True,False,True,False,True,False,False,False,True,real estate,0.046276136959422474,0.046419878105829745,1,0.046276136959422454,0.24374527144246114,2151.7999999999997,0.046276136959422474,24.271420824854385
CR00212,36,3835,2,4,45,1,1,0,3.0,0,4,bens_consumo,False,False,True,False,False,False,True,False,False,False,False,False,False,False,False,False,False,True,False,True,False,True,False,True,False,False,False,True,True,True,real estate,0.1336987340968376,0.10838147142431039,1,0.3498600596601875,0.20532887178973094,2684.5,0.1336987340968376,73.69545836731783
CR00213,27,5293,2,4,50,2,1,1,1.0,1,0,pessoal,False,False,False,True,False,False,False,False,False,True,False,False,False,False,False,True,False,True,False,False,False,False,True,True,False,True,False,False,True,True,building society savings agreement/life insurance,0.7985212195919483,0.99,3,1.0,0.55,3705.1,1.0,2037.805
CR00214,30,1908,4,4,66,1,1,1,1.0,1,4,pessoal,False,True,False,False,False,False,False,False,False,True,False,False,False,False,False,True,False,True,False,True,False,True,False,True,False,False,False,False,True,True,real estate,0.33508396169519433,0.5678607589218042,3,1.0,0.3849435167426004,1335.6,1.0,514.130560961417
CR00215,36,3342,4,2,51,1,1,0,3.0,0,4,bens_consumo,True,False,False,False,False,False,True,False,False,False,False,False,False,False,False,True,False,True,True,False,False,True,False,True,False,True,False,False,True,True,car or other,0.07620172455859239,0.07141867139955459,1,0.2116275459679844,0.3757224832725695,2339.3999999999996,0.07620172455859239,66.97866234237914
CR00216,6,932,1,3,39,2,1,0,1.0,0,3,pj_capital_giro,True,False,False,False,False,False,False,False,False,False,False,False,False,False,False,False,False,True,False,False,False,True,False,True,False,False,False,True,False,True,building society savings agreement/life insurance,0.16023824638501621,0.15846999592122116,1,0.16023824638501627,0.55,652.4,0.16023824638501621,57.49668756787152
CR00217,18,3104,3,1,31,1,1,0,1.0,1,3,pessoal,False,False,False,True,False,False,False,False,False,True,False,False,False,False,False,True,False,True,False,False,False,False,False,True,False,True,False,False,True,True,building society savings agreement/life insurance,0.7508760930349112,0.7984652253166917,2,0.8756564937852687,0.55,2172.7999999999997,0.8756564937852687,1046.4445363331474
CR00218,36,3913,2,2,23,1,1,0,1.0,1,2,bens_consumo,False,False,True,False,False,False,True,False,False,False,False,False,False,False,False,True,False,True,False,True,False,True,False,True,False,True,False,False,True,True,real estate,0.38760814993220843,0.38389198175758915,2,0.7703384947531307,0.3125054038488583,2739.1,0.7703384947531307,659.3970807364645
CR00219,24,3021,2,2,24,1,1,0,1.0,1,2,bens_consumo,False,False,True,False,False,False,False,False,False,False,True,False,False,True,False,False,False,True,False,True,False,True,False,False,True,False,False,True,False,True,real estate,0.7777055173087987,0.9643717392533442,2,0.9505851629650512,0.3099693250773568,2114.7,0.9505851629650512,623.1010948734094
CR00220,10,1364,2,4,64,1,1,0,3.0,1,2,veiculos,False,False,True,False,True,False,False,False,False,False,False,False,False,False,False,False,False,True,True,False,False,True,False,True,False,True,False,False,True,True,car or other,0.13458800961304818,0.19648614765577974,1,0.13458800961304818,0.49181317232827343,954.8,0.13458800961304818,63.20027051551699
CR00221,12,625,4,1,26,1,1,0,1.0,1,1,bens_consumo,False,False,True,False,False,False,True,False,False,False,False,False,False,False,True,False,True,False,False,True,False,False,False,True,False,False,False,True,False,True,real estate,0.6664890168236364,0.6948440092974814,2,0.6664890168236364,0.14583490373224353,437.5,0.6664890168236364,42.52384570309429
CR00222,12,1200,4,4,23,1,1,0,1.0,0,2,pessoal,False,False,True,False,False,False,False,False,False,False,False,False,True,False,False,False,False,True,False,False,False,False,False,False,True,True,False,False,True,True,building society savings agreement/life insurance,0.9471256772851482,0.99,2,0.9471256772851482,0.55,840.0,0.9471256772851482,437.57206290573856
CR00223,12,707,4,2,30,2,1,0,3.0,1,2,bens_consumo,False,False,True,False,False,False,True,False,False,False,False,False,False,False,False,True,False,True,False,True,False,False,False,True,False,True,False,False,False,True,real estate,0.28819702115492435,0.43463851172444906,2,0.2881970211549243,0.25708276570443483,494.9,0.2881970211549243,36.66738214808566
CR00224,24,2978,4,4,32,2,2,0,3.0,0,2,pessoal,False,True,False,False,False,False,False,False,False,True,False,False,False,False,False,True,False,True,False,True,False,True,False,True,False,True,False,False,True,True,real estate,0.23147359363013637,0.20398481050829823,2,0.4093671627122233,0.39174933776591075,2084.6,0.4093671627122233,334.30587383141636
CR00225,15,4657,3,2,30,1,1,0,3.0,1,2,veiculos,False,False,True,False,False,True,False,False,False,False,False,False,False,False,False,True,False,True,True,False,False,True,False,True,False,True,False,False,True,True,car or other,0.06250275425260313,0.06346955111637226,1,0.0775082293060072,0.6347314062121736,3259.8999999999996,0.06250275425260313,129.32825593626725
CR00226,36,2613,4,2,27,2,1,0,3.0,1,2,pessoal,False,False,False,True,False,False,False,True,False,False,False,False,False,False,False,True,False,True,True,False,False,True,False,True,False,True,False,False,False,True,car or other,0.7051830358591633,0.6370354211896553,2,0.9743753814436819,0.7846396611239563,1829.1,0.9743753814436819,1398.4083512472048
CR00227,48,10961,1,2,27,2,1,1,1.0,4,3,bens_consumo,False,False,True,False,False,False,True,False,False,False,False,False,False,False,False,True,False,False,False,False,True,False,False,True,False,True,False,False,True,True,unknown/no property,0.912579291220012,0.99,3,1.0,0.7084042922828621,7672.7,1.0,5435.373613398716
CR00228,12,7865,4,4,53,1,1,1,1.0,1,4,bens_consumo,False,False,True,False,False,False,False,False,False,False,True,False,False,False,False,True,False,True,False,False,True,True,False,False,False,False,False,False,True,True,unknown/no property,0.6422427452986622,0.757089168260589,3,1.0,0.6805159560856979,5505.5,1.0,3746.58059622981
CR00229,9,1478,4,2,22,1,1,1,3.0,1,3,bens_consumo,False,False,True,False,False,False,True,False,False,False,False,False,False,False,False,True,False,True,True,False,False,True,False,True,False,True,False,False,False,True,car or other,0.12544753262719588,0.16103928819116842,3,1.0,0.47796448584325496,1034.6,1.0,494.50205705343154
CR00230,24,3149,4,1,22,1,1,0,1.0,1,1,bens_consumo,False,False,True,False,False,False,False,False,False,False,True,False,False,False,False,True,False,True,False,False,True,False,False,False,False,True,False,False,False,True,unknown/no property,0.8984227466256314,0.99,2,0.9896820615969193,0.4342182990532278,2204.2999999999997,0.9896820615969193,947.2716087222108
CR00231,36,4210,4,2,26,1,1,1,1.0,1,2,bens_consumo,False,False,True,False,False,False,True,False,False,False,False,False,False,False,False,True,False,True,True,False,False,True,False,True,False,True,False,False,False,True,car or other,0.672241781171505,0.6401906930000287,3,1.0,0.6601004559714629,2947.0,1.0,1945.3160437479012
CR00232,9,2507,2,4,51,1,1,0,3.0,3,4,veiculos,False,False,True,False,True,False,False,False,False,False,False,False,False,False,False,True,False,True,False,False,True,True,False,False,False,False,False,True,False,True,unknown/no property,0.13951134577379556,0.1696758044582108,1,0.13951134577379554,0.7720549480696227,1754.8999999999999,0.13951134577379556,189.02102451049498
CR00233,12,2141,3,1,35,1,1,0,3.0,2,3,bens_consumo,False,False,True,False,False,False,True,False,False,False,False,False,False,False,False,True,False,True,False,False,True,True,False,True,False,True,False,False,False,True,unknown/no property,0.171727225672079,0.15710128873197593,1,0.171727225672079,0.760318569610247,1498.6999999999998,0.171727225672079,195.68136026103477
CR00234,18,866,4,2,25,1,1,0,1.0,1,2,bens_consumo,False,False,True,False,False,False,True,False,False,False,False,False,False,False,True,False,True,False,False,True,False,True,False,True,False,False,False,True,False,True,real estate,0.4471243812437546,0.4107142972932897,2,0.5889059816141292,0.2929549354756111,606.1999999999999,0.5889059816141292,104.58339037281996
CR00235,4,1544,2,1,42,3,2,0,3.0,1,3,bens_consumo,True,False,False,False,False,False,True,False,False,False,False,False,False,False,False,True,False,True,False,True,False,True,False,True,False,False,False,True,False,True,real estate,0.04421302933378105,0.026648404502123385,1,0.04421302933378102,0.1642610009016346,1080.8,0.04421302933378105,7.84928454852203
CR00236,24,1823,4,2,30,1,2,1,1.0,1,0,bens_consumo,False,False,True,False,False,False,True,False,False,False,False,False,False,False,False,True,False,True,True,False,False,False,True,True,False,False,False,False,False,True,car or other,0.7620916074213825,0.99,3,1.0,0.901824122894769,1276.1,1.0,1150.8177632260147
CR00237,6,14555,1,2,23,1,1,1,1.0,0,0,veiculos,False,False,True,False,True,False,False,False,False,False,False,False,False,False,False,True,False,True,False,False,False,True,False,True,False,False,True,False,True,True,building society savings agreement/life insurance,0.72701618969538,0.5822926474408768,3,1.0,0.55,10188.5,1.0,5603.675
CR00238,21,2767,4,2,61,2,1,1,1.0,2,4,pessoal,False,False,True,False,False,False,False,False,False,True,False,False,False,True,False,False,False,True,True,False,False,False,False,False,True,False,False,True,False,True,car or other,0.8991361609162877,0.9194783254562655,3,1.0,0.5171990368832619,1936.8999999999999,1.0,1001.7628145391898
CR00239,12,1291,4,2,35,2,1,0,3.0,1,2,bens_consumo,True,False,False,False,False,False,True,False,False,False,False,False,False,False,False,False,False,True,False,False,False,True,False,True,False,True,False,False,False,True,building society savings agreement/life insurance,0.13488328308102027,0.13535720773975077,1,0.13488328308102027,0.55,903.6999999999999,0.13488328308102027,67.04171260617491
CR00240,30,2522,1,3,39,1,2,0,1.0,1,4,bens_consumo,False,False,True,False,False,False,True,False,False,False,False,False,False,False,False,True,True,False,False,False,False,True,False,True,False,True,False,False,False,True,building society savings agreement/life insurance,0.23152148007761325,0.33266587610774545,2,0.4822986087032197,0.55,1765.3999999999999,0.4822986087032197,468.29748009256525
CR00241,24,915,4,2,29,1,1,1,1.0,0,4,veiculos,False,False,True,False,True,False,False,False,False,False,False,False,False,False,False,False,False,True,True,False,False,False,False,True,False,True,False,False,False,True,car or other,0.8603746981405704,0.9652782898736543,3,1.0,0.6905454685336972,640.5,1.0,442.29437259583307
CR00242,6,1595,3,2,51,1,2,0,3.0,1,3,bens_consumo,False,False,True,False,False,False,True,False,False,False,False,False,False,False,False,True,False,True,False,False,False,True,False,True,False,True,False,False,False,True,building society savings agreement/life insurance,0.08984183034781552,0.07460827065690676,1,0.08984183034781557,0.55,1116.5,0.08984183034781552,55.169621970834825
CR00243,48,4605,3,4,24,2,2,1,1.0,1,4,veiculos,False,False,False,True,False,True,False,False,False,False,False,False,False,False,False,True,False,True,False,False,True,True,False,False,False,True,False,False,False,True,unknown/no property,0.8102355091206691,0.8271156684939315,3,1.0,0.6740543835635651,3223.5,1.0,2172.814305417152
CR00244,12,1185,3,2,27,2,1,0,3.0,1,2,pessoal,True,False,False,False,False,False,False,False,False,True,False,False,False,False,False,False,False,True,False,True,False,True,False,True,False,True,False,False,False,True,real estate,0.0945895737261332,0.09269213849250445,1,0.09458957372613319,0.28650671372383446,829.5,0.0945895737261332,22.479904500314202
CR00245,12,3447,4,3,35,1,2,0,3.0,3,2,pj_capital_giro,False,False,False,False,False,False,False,False,False,False,False,False,False,False,False,False,False,True,False,True,False,True,False,True,False,False,False,True,False,True,real estate,0.265093714928887,0.28507792811092914,2,0.265093714928887,0.36235404069856947,2412.8999999999996,0.265093714928887,231.77781438997528
CR00246,24,1258,4,1,25,1,1,0,3.0,1,3,pessoal,False,False,True,False,False,False,False,False,False,True,False,False,False,False,False,True,False,True,False,True,False,True,False,True,False,True,False,False,True,True,real estate,0.10479664449377175,0.07852203738725236,1,0.1986109522903896,0.17539568439021255,880.5999999999999,0.10479664449377175,16.186202208358615
CR00247,12,717,4,4,52,3,1,0,3.0,1,4,bens_consumo,True,False,False,False,False,False,True,False,False,False,False,False,False,False,False,True,False,True,False,True,False,True,False,True,False,True,False,False,False,True,real estate,0.05548596565869301,0.05578462308859944,1,0.055485965658693015,0.2978139579182168,501.9,0.05548596565869301,8.293644061444098
CR00248,6,1204,4,1,35,1,1,0,3.0,2,2,veiculos,False,False,False,True,True,False,False,False,False,False,False,False,False,False,False,True,False,True,False,False,True,False,False,False,True,True,False,False,False,False,unknown/no property,0.5617322629018389,0.9737253223560548,2,0.5617322629018389,0.8328242257923063,842.8,0.5617322629018389,394.2822669046493
CR00249,24,1925,2,2,26,1,1,0,1.0,1,2,bens_consumo,False,False,True,False,False,False,False,False,False,False,True,False,False,False,False,True,False,True,False,True,False,True,False,True,False,True,False,False,False,True,real estate,0.407945947363728,0.48500190622696154,2,0.6494719987569665,0.32337817657105083,1347.5,0.6494719987569665,283.00878275744793
CR00250,18,433,3,4,22,1,1,1,3.0,1,0,bens_consumo,False,False,True,False,False,False,True,False,False,False,False,False,False,False,False,False,False,False,False,True,False,True,False,False,True,True,False,False,False,True,real estate,0.3731729844911229,0.6104773726940596,3,1.0,0.2702096997291579,303.09999999999997,1.0,81.90055998790776
CR00251,6,666,3,4,39,2,1,0,1.0,4,3,veiculos,True,False,False,False,True,False,False,False,False,False,False,False,False,False,False,False,False,True,False,True,False,True,False,True,False,False,False,True,True,True,real estate,0.25611217115601376,0.5773652725910896,2,0.2561121711560137,0.2887107862350978,466.2,0.2561121711560137,34.47192184451485
CR00252,12,2251,1,2,46,1,1,0,1.0,1,2,bens_consumo,False,False,True,False,False,False,False,False,False,False,True,False,False,False,False,False,False,True,True,False,False,True,False,True,False,False,False,True,False,True,car or other,0.42256735059824535,0.4824501894916953,2,0.42256735059824535,0.5211810868133465,1575.6999999999998,0.42256735059824535,347.02288876041774
CR00253,30,2150,4,2,24,1,1,1,1.0,1,2,veiculos,False,False,True,False,True,False,False,False,False,False,False,False,False,False,False,False,True,False,False,False,True,False,False,True,False,True,False,False,False,True,unknown/no property,0.938153495120842,0.6721782873869766,3,1.0,0.4423366866117741,1505.0,1.0,665.71671335072
CR00254,24,4151,2,3,35,2,1,0,3.0,2,2,bens_consumo,False,True,False,False,False,False,False,False,False,False,True,False,False,False,False,True,False,True,False,False,False,True,False,True,False,True,False,False,False,True,building society savings agreement/life insurance,0.20289666931690292,0.2005205739646148,2,0.3646262802139133,0.55,2905.7,0.3646262802139133,582.7220203296624
CR00255,9,2030,2,1,24,1,1,0,1.0,0,3,bens_consumo,False,False,True,False,False,False,False,False,False,False,True,False,False,False,False,True,False,True,True,False,False,True,False,True,False,True,False,False,True,True,car or other,0.28239218439238545,0.37858221289929034,2,0.28239218439238545,0.6583145957889072,1421.0,0.28239218439238545,264.1680162422743
CR00256,60,7418,1,1,27,1,1,0,1.0,0,2,bens_consumo,False,True,False,False,False,False,True,False,False,False,False,False,False,False,False,True,False,True,False,True,False,True,False,True,False,False,False,True,False,True,real estate,0.6555175618834255,0.8293150021913431,2,0.9951489535702495,0.22188922115010334,5192.599999999999,0.9951489535702495,1146.5926815132768
CR00257,24,2684,4,2,35,2,1,0,3.0,1,2,bens_consumo,True,False,False,False,False,False,True,False,False,False,False,False,False,False,False,True,False,True,False,True,False,True,False,True,False,False,False,True,False,True,real estate,0.11335335454085506,0.08544361318695505,1,0.21385772609604525,0.1638275546709783,1878.8,0.11335335454085506,34.89007294631393
CR00258,12,2149,4,1,29,1,1,1,1.0,1,2,bens_consumo,False,False,False,False,False,False,True,False,False,False,False,False,False,True,False,False,False,True,False,False,True,True,False,False,False,True,False,False,False,True,unknown/no property,0.8367065348169321,0.8043759325109074,3,1.0,0.5221065708549828,1504.3,1.0,785.4049145371506
CR00259,15,3812,1,4,23,1,1,0,3.0,2,1,veiculos,False,False,True,False,False,True,False,False,False,False,False,False,False,False,False,False,False,True,True,False,False,True,False,True,False,True,False,False,True,True,car or other,0.06027103674888152,0.05955211780807709,1,0.07476241687505658,0.4498819943754824,2668.3999999999996,0.06027103674888152,72.35327698907996
CR00260,11,1154,4,4,57,3,1,0,3.0,2,0,bens_consumo,True,False,False,False,False,False,True,False,False,False,False,False,False,False,False,False,False,True,False,True,False,True,False,True,False,False,False,True,False,True,real estate,0.15885381591853337,0.1609912200725456,1,0.15885381591853331,0.3990906690655785,807.8,0.15885381591853337,51.21215773313085
CR00261,12,1657,2,2,27,1,1,0,1.0,1,2,bens_consumo,False,False,True,False,False,False,False,False,False,False,True,False,False,False,False,True,False,True,False,True,False,True,False,True,False,True,False,False,False,True,real estate,0.33431102193261875,0.33111697034452003,2,0.33431102193261875,0.2453158399103764,1159.8999999999999,0.33431102193261875,95.12547421965441
CR00262,24,1603,4,4,55,1,1,0,1.0,1,4,bens_consumo,False,False,True,False,False,False,True,False,False,False,False,False,False,False,False,False,False,True,True,False,False,True,False,True,False,True,False,False,False,True,car or other,0.5276948958662675,0.43145656985088965,2,0.7769278886092241,0.7462716834305664,1122.1,0.7769278886092241,650.5927758319554
CR00263,18,5302,2,4,36,3,1,0,1.0,1,4,veiculos,True,False,False,False,True,False,False,False,False,False,False,False,False,False,False,True,False,True,False,False,True,True,False,False,False,False,False,False,True,True,unknown/no property,0.4866878456082255,0.42389302298678244,2,0.6322333687397349,0.6654076804971963,3711.3999999999996,0.6322333687397349,1561.3597753857885
CR00264,12,2748,2,4,57,3,1,0,3.0,1,4,pessoal,True,False,False,False,False,False,False,False,False,False,False,False,True,False,False,False,False,True,False,False,True,False,False,False,False,False,False,True,False,True,unknown/no property,0.5811837975096921,0.5506728414578883,2,0.5811837975096921,0.5378861174688645,1923.6,0.5811837975096921,601.3379355532959
CR00265,10,1231,3,4,32,2,2,0,3.0,1,4,veiculos,True,False,False,False,True,False,False,False,False,False,False,False,False,False,False,True,False,True,False,True,False,True,False,True,False,False,False,True,False,False,real estate,0.028218497126258936,0.03662367095566629,1,0.0282184971262589,0.3927726661073758,861.6999999999999,0.028218497126258936,9.550612613243379
CR00266,15,802,4,3,37,1,2,1,1.0,1,4,bens_consumo,False,False,True,False,False,False,True,False,False,False,False,False,False,False,False,True,False,True,True,False,False,True,False,True,False,True,False,False,False,True,car or other,0.4123709850905582,0.36290685451658516,3,1.0,0.5876995072498051,561.4,1.0,329.9345033700406
CR00267,36,6304,4,4,36,2,1,0,3.0,0,4,pessoal,True,False,False,False,False,False,False,False,False,True,False,False,False,False,False,True,False,True,False,True,False,True,False,True,False,True,False,False,False,True,real estate,0.1697975347133671,0.20147564880945978,1,0.4277944629132575,0.6359194059375458,4412.799999999999,0.1697975347133671,476.4833211869491
CR00268,24,1533,4,3,38,1,1,0,3.0,1,1,bens_consumo,False,False,True,False,False,False,True,False,False,False,False,False,False,False,False,False,False,True,True,False,False,False,True,True,False,True,False,False,True,True,car or other,0.31389623908925013,0.2387939541486691,2,0.5292616292641246,0.5916684428635874,1073.1,0.5292616292641246,336.0384792905082
CR00269,14,8978,1,4,45,1,1,1,1.0,1,4,veiculos,False,False,True,False,True,False,False,False,False,False,False,False,False,True,False,False,False,True,False,False,False,True,False,True,False,False,False,False,True,False,building society savings agreement/life insurance,0.37754418631476305,0.5187646525942124,3,1.0,0.55,6284.599999999999,1.0,3456.53
CR00270,24,999,4,2,25,2,1,0,3.0,0,4,bens_consumo,False,False,True,False,False,False,True,False,False,False,False,False,False,False,False,True,False,True,True,False,False,True,False,True,False,True,False,False,False,True,car or other,0.17595204501949138,0.18211106177579334,1,0.32094496789244165,0.5186636697554505,699.3,0.17595204501949138,63.81807140619039
CR00271,18,2662,4,3,32,1,1,0,3.0,0,3,veiculos,False,False,True,False,True,False,False,False,False,False,False,False,False,False,False,True,False,True,False,False,False,True,False,True,False,True,False,False,False,False,building society savings agreement/life insurance,0.09988020759634447,0.1000641134890902,1,0.14601455850336897,0.55,1863.3999999999999,0.09988020759634447,102.36422835926555
CR00272,12,1402,3,4,37,1,1,0,3.0,3,3,bens_consumo,True,False,False,False,False,False,False,False,False,False,True,False,False,False,False,False,False,True,True,False,False,True,False,False,True,True,False,False,True,True,car or other,0.0909482600053406,0.12665313901638253,1,0.09094826000534062,0.7238367913137939,981.4,0.0909482600053406,64.6072271392586
CR00273,48,12169,4,4,36,1,1,0,1.0,0,0,veiculos,False,False,False,False,True,False,False,False,False,False,False,False,False,False,False,True,False,False,False,False,True,True,False,False,False,False,False,False,True,True,unknown/no property,0.9785863037242114,0.636265590951768,2,0.9999997897352099,0.5748115429903041,8518.3,0.9999997897352099,4896.416137110179
CR00274,48,3060,4,4,28,2,1,1,1.0,1,3,bens_consumo,False,False,True,False,False,False,True,False,False,False,False,False,False,False,False,True,False,True,False,True,False,True,False,True,False,True,False,False,False,True,real estate,0.6744541247331141,0.4681561844877784,3,1.0,0.24347831701723982,2142.0,1.0,521.5305550509277
CR00275,30,11998,1,1,34,1,1,1,1.0,1,1,pessoal,False,False,True,False,False,False,False,True,False,False,False,False,False,True,False,False,False,True,False,False,True,True,False,True,False,False,False,True,True,True,unknown/no property,0.950794160939285,0.99,3,1.0,0.6830851945192097,8398.6,1.0,5736.959314689035
CR00276,9,2697,1,2,32,1,2,0,3.0,1,2,bens_consumo,False,False,True,False,False,False,True,False,False,False,False,False,False,False,False,True,False,True,False,True,False,True,False,True,False,True,False,False,False,True,real estate,0.0683470702904131,0.056354855721340434,1,0.06834707029041309,0.35087540230532677,1887.8999999999999,0.0683470702904131,45.274307190631454
CR00277,18,2404,2,2,26,2,1,0,3.0,1,2,bens_consumo,True,False,False,False,False,False,True,False,False,False,False,False,False,False,False,False,False,True,True,False,False,True,False,True,False,True,False,False,False,True,car or other,0.1060367803809681,0.09645889906919052,1,0.1547610994432047,0.5907925551951855,1682.8,0.1060367803809681,105.42025198877664
CR00278,12,1262,2,4,49,1,1,0,1.0,0,4,bens_consumo,False,False,True,False,False,False,False,False,False,False,True,False,False,True,False,False,False,True,False,False,False,True,False,True,False,False,False,True,True,True,building society savings agreement/life insurance,0.44502576677611444,0.8553596717499896,2,0.4450257667761144,0.55,883.4,0.4450257667761144,216.22466930351072
CR00279,6,4611,1,4,32,1,1,1,3.0,1,1,bens_consumo,False,False,True,False,False,False,False,False,False,False,True,False,False,False,False,False,False,True,False,False,False,True,False,True,False,True,False,False,False,True,building society savings agreement/life insurance,0.18387670379734478,0.1727189903968243,3,1.0,0.55,3227.7,1.0,1775.2350000000001
CR00280,24,1901,4,4,29,1,1,0,3.0,2,2,bens_consumo,False,False,True,False,False,False,True,False,False,False,False,False,False,False,False,True,False,True,True,False,False,True,False,False,True,False,False,False,True,True,car or other,0.2136724051418447,0.21697454553723336,2,0.3816889135645888,0.4552643373540311,1330.6999999999998,0.3816889135645888,231.2348744566687
CR00281,15,3368,3,4,23,2,1,0,3.0,4,4,veiculos,True,False,False,False,False,True,False,False,False,False,False,False,False,False,False,True,False,True,False,False,True,True,False,False,True,True,False,False,True,True,unknown/no property,0.06052233793573601,0.05927621803370033,1,0.0750716889351809,0.5692219554223797,2357.6,0.06052233793573601,81.22083722526075
CR00282,12,1574,4,2,50,1,1,0,3.0,1,2,bens_consumo,False,False,True,False,False,False,False,False,False,False,True,False,False,False,False,True,False,True,False,True,False,True,False,True,False,True,False,False,False,True,real estate,0.14072770495158177,0.18420432116966515,1,0.14072770495158182,0.2953159465692793,1101.8,0.14072770495158177,45.78985537964182
CR00283,18,1445,4,4,49,1,1,0,1.0,0,3,bens_consumo,False,False,False,False,False,False,True,False,False,False,False,False,False,False,False,True,False,True,True,False,False,False,False,True,False,False,False,True,False,True,car or other,0.7319798957983342,0.7829664212890195,2,0.8612442281650623,0.6955567589438136,1011.4999999999999,0.8612442281650623,605.933252807575
CR00284,15,1520,4,4,63,1,1,0,3.0,0,4,bens_consumo,True,False,False,False,False,False,False,False,False,False,True,False,False,False,False,True,False,True,False,False,False,True,False,True,False,True,False,False,False,True,building society savings agreement/life insurance,0.06624880514991452,0.06926793634179326,1,0.08211354065191989,0.55,1064.0,0.06624880514991452,38.76880077372998
CR00285,24,3878,4,2,37,1,1,0,1.0,2,1,veiculos,True,False,False,False,True,False,False,False,False,False,False,False,False,True,False,False,False,True,True,False,False,True,False,True,False,True,False,False,True,True,car or other,0.7225287154465915,0.5368579903074122,2,0.9230096862482814,0.35531750900278686,2714.6,0.9230096862482814,890.284294695141
CR00286,47,10722,1,1,35,1,1,0,1.0,1,1,veiculos,False,False,True,False,True,False,False,False,False,False,False,False,False,False,False,False,False,True,False,True,False,True,False,True,False,False,False,True,True,True,real estate,0.8244641765653424,0.758336279133017,2,0.9989024291520837,0.3874752348348975,7505.4,0.9989024291520837,2904.964719594288
CR00287,48,4788,4,3,26,1,2,0,1.0,1,3,veiculos,False,False,True,False,False,True,False,False,False,False,False,False,False,False,False,True,False,True,False,False,False,True,False,True,False,True,False,False,False,True,building society savings agreement/life insurance,0.5915169191802899,0.5923389634461192,2,0.9721582652336439,0.55,3351.6,0.9721582652336439,1792.0571029663947
CR00288,48,7582,2,4,31,1,1,0,1.0,2,0,bens_consumo,False,True,False,False,False,False,False,False,True,False,False,False,False,False,False,True,False,True,False,False,True,True,False,False,False,False,False,False,True,True,unknown/no property,0.5227633451013383,0.35669688773097524,2,0.9481277397899488,0.6337196644053786,5307.4,0.9481277397899488,3188.9363925162584
CR00289,12,1092,4,4,49,2,1,0,1.0,1,2,bens_consumo,False,False,True,False,False,False,True,False,False,False,False,False,False,False,False,False,True,False,False,True,False,True,False,True,False,True,False,False,True,True,real estate,0.36264084080659403,0.4166409866303891,2,0.362640840806594,0.40236559223094553,764.4,0.362640840806594,111.53681194087206
CR00290,24,1024,4,4,48,1,1,1,1.0,1,1,bens_consumo,False,True,False,False,False,False,True,False,False,False,False,False,False,False,True,False,False,True,False,True,False,False,True,True,False,True,False,False,False,True,real estate,0.6821214207186259,0.7518713667466091,3,1.0,0.28861954291154684,716.8,1.0,206.88248835899677
CR00291,12,1076,2,2,26,1,1,0,3.0,1,2,pessoal,False,False,True,False,False,False,False,False,False,True,False,False,False,False,True,False,False,True,False,True,False,True,False,True,False,True,False,False,True,False,real estate,0.02457616915432848,0.038704891704603006,1,0.024576169154328475,0.3323451082105748,753.1999999999999,0.02457616915432848,6.151964060457905
CR00292,36,9398,1,4,28,1,1,1,1.0,1,1,veiculos,False,False,True,False,False,True,False,False,False,False,False,False,False,False,True,False,False,True,True,False,False,True,False,False,True,False,False,False,True,True,car or other,0.6104053901081883,0.4123394215164165,3,1.0,0.49749257342326736,6578.599999999999,1.0,3272.8046435223064
CR00293,24,6419,2,4,44,2,2,0,1.0,1,4,veiculos,True,False,False,False,False,True,False,False,False,False,False,False,False,False,False,False,False,True,False,False,True,True,False,False,False,False,False,False,True,True,unknown/no property,0.33062238559930857,0.25979524540372084,2,0.5519336093392393,0.46536161247283037,4493.299999999999,0.5519336093392393,1154.0983285036448
CR00294,42,4796,4,4,56,1,1,0,1.0,1,4,veiculos,True,False,False,False,False,True,False,False,False,False,False,False,False,False,False,True,False,True,False,False,True,True,False,False,False,True,False,False,False,True,unknown/no property,0.34284231517348207,0.2726144723213821,2,0.7699387006876355,0.5458186202601448,3357.2,0.7699387006876355,1410.8528231665346
CR00295,48,7629,4,2,46,2,2,0,3.0,0,4,pessoal,True,False,False,False,False,False,False,False,False,True,False,False,False,True,False,False,False,True,True,False,False,False,False,True,False,False,False,False,False,True,car or other,0.7635155386819978,0.645941449837262,2,0.9968724055102318,0.5557690310887226,5340.299999999999,0.9968724055102318,2958.6907396068386
CR00296,48,9960,1,2,26,1,1,1,1.0,1,1,bens_consumo,False,False,True,False,False,False,False,False,False,False,True,False,False,False,False,False,False,True,True,False,False,True,False,True,False,True,False,False,True,True,car or other,0.7985037281794585,0.7768152042453004,3,1.0,0.4056403870074263,6972.0,1.0,2828.124778215776
CR00297,12,4675,1,4,20,1,1,0,3.0,0,1,veiculos,False,False,True,False,False,True,False,False,False,False,False,False,False,False,False,False,False,True,True,False,False,True,False,False,True,True,False,False,False,True,car or other,0.14494031959222176,0.13733865828914651,1,0.14494031959222176,0.6569254509710805,3272.5,0.14494031959222176,311.5910377973119
CR00298,10,1287,4,2,45,1,1,0,3.0,0,4,veiculos,False,False,True,False,True,False,False,False,False,False,False,False,False,False,False,True,False,False,False,False,False,True,False,True,False,False,False,True,False,False,building society savings agreement/life insurance,0.08179515285890925,0.08711417664007494,1,0.08179515285890926,0.55,900.9,0.08179515285890925,40.52908926582524
CR00299,18,2515,3,4,43,1,1,0,3.0,1,2,bens_consumo,False,False,True,False,False,False,False,False,False,False,True,False,False,False,False,True,False,True,False,True,False,True,False,True,False,True,False,False,True,True,real estate,0.10756331756161458,0.11318003502519525,1,0.15692517778026893,0.3386459876098454,1760.5,0.10756331756161458,64.12777213794327
CR00300,21,2745,3,2,32,2,1,0,1.0,4,3,bens_consumo,True,False,False,False,False,False,False,False,False,False,True,False,False,False,False,True,False,True,True,False,False,True,False,True,False,True,False,False,True,True,car or other,0.2398486699864696,0.23661451071392034,2,0.38116466372548996,0.5383699192765714,1921.4999999999998,0.38116466372548996,394.30638272653056
CR00301,6,672,1,4,54,1,1,0,3.0,1,0,veiculos,False,False,True,False,True,False,False,False,False,False,False,False,False,False,False,False,False,True,False,True,False,True,False,True,False,False,True,False,True,True,real estate,0.10023918538154453,0.06868987483027914,1,0.10023918538154453,0.15414918337921293,470.4,0.10023918538154453,7.2685213429341
CR00302,36,3804,4,1,42,1,1,1,1.0,1,2,bens_consumo,False,False,False,True,False,False,True,False,False,False,False,False,False,False,False,False,False,True,True,False,False,True,False,True,False,True,False,False,True,True,car or other,0.8262162282542149,0.7190526209609247,3,1.0,0.548720573765326,2662.7999999999997,1.0,1461.1331438223099
CR00303,24,1344,4,2,37,2,2,1,1.0,0,3,veiculos,True,False,False,False,True,False,False,False,False,False,False,False,False,False,False,True,False,True,False,True,False,False,False,True,False,False,False,True,False,True,real estate,0.7357012791981191,0.7465325332885059,3,1.0,0.36104107705520794,940.8,1.0,339.66744529353963
CR00304,10,1038,4,3,49,2,1,0,1.0,1,3,veiculos,True,False,False,False,True,False,False,False,False,False,False,False,False,False,False,True,False,False,False,False,False,True,False,True,False,True,False,False,True,True,building society savings agreement/life insurance,0.38352928616667775,0.44330764887268476,2,0.3835292861666777,0.55,726.5999999999999,0.3835292861666777,153.26980863078938
CR00305,48,10127,2,2,44,1,1,1,3.0,3,2,veiculos,True,False,False,False,True,False,False,False,False,False,False,False,False,False,False,True,False,True,False,False,True,False,False,False,False,True,False,False,False,True,unknown/no property,0.6148324110148771,0.7206109184662489,3,1.0,0.4217909652963478,7088.9,1.0,2990.03397388928
CR00306,6,1543,4,2,33,1,1,0,3.0,4,2,bens_consumo,False,False,True,False,False,False,False,False,False,False,True,False,False,True,False,False,False,True,False,True,False,True,False,True,False,True,False,False,False,True,real estate,0.25696210335717634,0.1721304059159887,2,0.2569621033571763,0.24701685228836098,1080.1,0.2569621033571763,68.55823491997391
CR00307,30,4811,2,4,24,1,1,0,3.0,0,3,veiculos,False,False,True,False,False,True,False,False,False,False,False,False,False,False,False,False,False,True,False,False,False,False,True,False,True,False,False,True,False,True,building society savings agreement/life insurance,0.2711662508024683,0.23890363703894615,2,0.5465063743940243,0.55,3367.7,0.5465063743940243,1012.2582343757156
CR00308,12,727,4,3,33,1,1,1,1.0,2,1,bens_consumo,False,False,True,False,False,False,True,False,False,False,False,False,False,False,True,False,False,True,False,False,True,True,False,True,False,False,False,True,True,True,unknown/no property,0.6696634299740458,0.6584493515008957,3,1.0,0.4368769944470504,508.9,1.0,222.32670247410394
CR00309,8,1237,3,4,24,1,1,1,1.0,1,2,bens_consumo,False,False,True,False,False,False,False,False,False,False,True,False,False,False,False,False,False,True,False,True,False,True,False,True,False,True,False,False,False,True,real estate,0.5128387606496874,0.5591998650420634,3,1.0,0.28434141274082403,865.9,1.0,246.2112292922795
CR00310,9,276,4,4,22,1,1,0,1.0,1,2,veiculos,False,False,True,False,True,False,False,False,False,False,False,False,False,False,True,False,False,True,False,True,False,True,False,False,True,False,False,True,False,True,real estate,0.7386334868056965,0.9746370960496599,2,0.7386334868056965,0.1970740071109479,193.2,0.7386334868056965,28.12324707121433
CR00311,48,5381,3,4,40,1,1,0,1.0,0,0,bens_consumo,False,False,True,False,False,False,False,False,True,False,False,False,False,False,False,True,False,True,False,False,True,False,False,False,False,False,True,False,True,True,unknown/no property,0.7298240880297863,0.7421259102749016,2,0.9946717265575288,0.4182097163761883,3766.7,0.9946717265575288,1566.8770664982633
CR00312,24,5511,4,1,25,1,1,0,3.0,2,2,bens_consumo,False,False,True,False,False,False,False,False,False,False,True,False,False,False,False,True,False,True,True,False,False,False,True,True,False,True,False,False,False,True,car or other,0.4036836061837606,0.3244777314208778,2,0.6444067584659956,0.6070984641596565,3857.7,0.6444067584659956,1509.203041752276
CR00313,24,3749,2,4,26,1,1,0,1.0,1,1,bens_consumo,False,False,True,False,False,False,False,False,False,False,True,False,False,False,False,False,False,True,True,False,False,True,False,True,False,True,False,False,False,True,car or other,0.6827339611622854,0.7531312988510458,2,0.8993422606002257,0.5969261547669449,2624.2999999999997,0.8993422606002257,1408.8316196364915
CR00314,12,685,2,3,25,1,1,1,1.0,1,3,veiculos,False,False,True,False,True,False,False,False,False,False,False,False,False,False,True,False,False,True,True,False,False,False,False,True,False,False,False,True,False,True,car or other,0.734255858765922,0.7771770554873974,3,1.0,0.40740089635828564,479.49999999999994,1.0,195.34872980379794
CR00315,4,1494,1,2,29,1,2,0,1.0,0,1,veiculos,False,False,True,False,True,False,False,False,False,False,False,False,False,False,False,True,False,True,False,True,False,True,False,True,False,False,False,True,False,False,real estate,0.16982714682875025,0.17947568233155936,1,0.16982714682875022,0.39301960396531876,1045.8,0.16982714682875025,69.80233721710061
CR00316,36,2746,4,4,31,1,1,1,1.0,1,4,bens_consumo,False,False,False,False,False,False,False,False,False,False,True,False,False,False,False,True,False,True,True,False,False,False,False,True,False,True,False,False,False,True,car or other,0.8444670437764598,0.8216439241837381,3,1.0,0.5515578431145977,1922.1999999999998,1.0,1060.2044860348794
CR00317,12,708,2,3,38,1,2,0,1.0,1,2,bens_consumo,False,False,True,False,False,False,False,False,False,False,True,False,False,False,False,True,True,False,False,False,False,True,False,True,False,False,False,True,False,True,building society savings agreement/life insurance,0.3058334156345164,0.4554533424964385,2,0.3058334156345164,0.55,495.59999999999997,0.3058334156345164,83.36407243365647
CR00318,24,4351,1,4,48,1,1,0,1.0,0,2,bens_consumo,False,False,True,False,False,False,False,False,False,False,True,False,False,False,False,False,False,True,False,False,False,True,False,True,False,False,False,True,True,True,building society savings agreement/life insurance,0.4921703341393442,0.5220035831691788,2,0.7421090304718547,0.55,3045.7,0.7421090304718547,1243.1328107594704
CR00319,12,701,4,2,32,2,1,0,3.0,1,2,pessoal,True,False,False,False,False,False,False,False,False,False,False,False,True,False,False,True,False,True,True,False,False,True,False,True,False,True,False,False,False,True,car or other,0.2761807307699249,0.3419465206899887,2,0.2761807307699249,0.4501747723575438,490.7,0.2761807307699249,61.00853354422932
CR00320,15,3643,1,4,27,2,1,0,1.0,1,4,bens_consumo,False,True,False,False,False,False,False,False,False,False,True,False,False,False,False,False,False,True,False,False,False,True,False,True,False,False,False,True,False,True,building society savings agreement/life insurance,0.4970386740443228,0.39842591843497677,2,0.5764367808631861,0.55,2550.1,0.5764367808631861,808.4842891835659
CR00321,30,4249,4,2,28,2,1,1,1.0,1,0,veiculos,True,False,False,False,True,False,False,False,False,False,False,False,False,False,True,False,False,True,True,False,False,True,False,True,False,False,False,False,False,True,car or other,0.8226560864013546,0.99,3,1.0,0.5707304160656932,2974.2999999999997,1.0,1697.5234765041912
CR00322,24,1938,4,3,32,1,1,1,1.0,1,1,bens_consumo,False,False,True,False,False,False,True,False,False,False,False,False,False,True,False,False,False,True,False,False,False,True,False,True,False,True,False,False,False,True,building society savings agreement/life insurance,0.7869441777636769,0.6812270304660212,3,1.0,0.55,1356.6,1.0,746.13
CR00323,24,2910,2,1,34,1,1,0,1.0,1,3,veiculos,False,False,True,False,False,True,False,False,False,False,False,False,False,False,False,True,False,True,False,False,True,True,False,False,False,False,False,False,True,True,unknown/no property,0.24289651770726323,0.16592338346185517,2,0.42679431710021165,0.5419110599312116,2036.9999999999998,0.42679431710021165,471.12665025262515
CR00324,18,2659,4,2,28,1,1,0,1.0,4,2,bens_consumo,False,False,True,False,False,False,False,False,False,False,True,False,False,False,False,True,False,True,True,False,False,True,False,True,False,True,False,False,False,True,car or other,0.5372781324148609,0.5810954117238404,2,0.685239637938125,0.6142136040982574,1861.3,0.685239637938125,783.3904728614626
CR00325,18,1028,4,3,36,2,1,0,3.0,1,2,veiculos,True,False,False,False,True,False,False,False,False,False,False,False,False,False,False,False,False,True,False,True,False,True,False,True,False,True,False,False,False,True,real estate,0.2144985322773036,0.24930996430029628,2,0.30382166926862786,0.27751272839095437,719.5999999999999,0.30382166926862786,60.67262812362916
CR00326,8,3398,1,4,39,2,1,0,1.0,1,3,veiculos,True,False,False,False,True,False,False,False,False,False,False,False,False,False,False,True,False,True,False,True,False,True,False,True,False,False,False,True,False,False,real estate,0.07605186622122333,0.07249789253974064,1,0.07605186622122329,0.19875610807447014,2378.6,0.07605186622122333,35.95437751967614
CR00327,12,5801,2,4,49,1,1,0,3.0,0,4,bens_consumo,True,False,False,False,False,False,False,False,False,False,True,False,False,False,False,True,False,True,False,False,False,True,False,False,True,True,False,False,True,True,building society savings agreement/life insurance,0.06666095459274324,0.06669477739977238,1,0.06666095459274324,0.55,4060.7,0.06666095459274324,148.87957607311384
CR00328,24,1525,4,3,34,1,2,0,3.0,4,3,veiculos,False,False,True,False,True,False,False,False,False,False,False,False,False,False,False,False,False,True,True,False,False,True,False,True,False,True,False,False,True,True,car or other,0.29515383765086073,0.3783806845480882,2,0.5031918874216907,0.6373068812034293,1067.5,0.5031918874216907,342.33406895790677
CR00329,36,4473,4,2,31,1,1,0,1.0,1,4,bens_consumo,False,False,True,False,False,False,True,False,False,False,False,False,False,False,False,True,False,True,True,False,False,True,False,True,False,True,False,False,False,True,car or other,0.5899972200549943,0.5257826798513937,2,0.9310775980642281,0.43091631317509504,3131.1,0.9310775980642281,1256.249064050611
CR00330,6,1068,4,4,28,1,2,0,1.0,1,4,bens_consumo,False,False,True,False,False,False,True,False,False,False,False,False,False,False,False,True,False,True,True,False,False,True,False,True,False,True,False,False,False,True,car or other,0.39070900748533816,0.23605953570854848,2,0.3907090074853381,0.6086869995697003,747.5999999999999,0.3907090074853381,177.79385331899883
CR00331,24,6615,2,4,75,2,1,0,1.0,1,0,veiculos,True,False,False,False,False,True,False,False,False,False,False,False,False,False,False,True,False,True,False,False,True,True,False,False,False,False,False,False,True,True,unknown/no property,0.2775812736517974,0.2960835763923843,2,0.4781111838214408,0.585653544241383,4630.5,0.4781111838214408,1296.5747720288305
CR00332,18,1864,4,2,30,2,1,1,3.0,2,2,pessoal,True,False,False,False,False,False,False,False,False,False,False,False,True,False,False,False,False,True,False,True,False,True,False,True,False,True,False,False,False,True,real estate,0.3903749731652209,0.4106851226274142,3,1.0,0.30636280417387374,1304.8,1.0,399.74218688607044
CR00333,60,7408,4,2,24,1,1,1,1.0,2,1,veiculos,False,False,True,False,True,False,False,False,False,False,False,False,False,False,False,False,False,True,False,False,False,True,False,True,False,False,False,False,False,True,building society savings agreement/life insurance,0.9504859784087668,0.99,3,1.0,0.55,5185.599999999999,1.0,2852.08
CR00334,48,11590,2,4,24,2,1,1,3.0,2,2,veiculos,True,False,False,False,False,True,False,False,False,False,False,False,False,False,False,False,False,True,True,False,False,False,False,False,True,False,False,True,False,True,car or other,0.5675313551292185,0.5240168740754615,3,1.0,0.6035639407264596,8112.999999999999,1.0,4896.714251113766
CR00335,24,4110,3,4,23,2,2,1,1.0,1,4,bens_consumo,False,False,False,True,False,False,False,False,False,False,True,False,False,False,False,True,False,True,False,False,True,False,False,False,True,True,False,False,False,True,unknown/no property,0.9706127874580825,0.99,3,1.0,0.2953677242392193,2877.0,1.0,849.772942636234
CR00336,6,3384,1,4,44,1,1,1,1.0,1,2,bens_consumo,True,False,False,False,False,False,False,False,False,False,True,False,False,True,False,False,False,True,False,True,False,True,False,False,True,False,False,False,True,True,real estate,0.35153024267364685,0.46360296291077385,3,1.0,0.304771648428285,2368.7999999999997,1.0,721.9430807969214
CR00337,13,2101,2,4,23,1,1,0,1.0,1,1,bens_consumo,False,False,True,False,False,False,True,False,False,False,False,False,False,False,False,False,True,False,False,False,False,True,False,True,False,False,False,True,False,True,building society savings agreement/life insurance,0.4166169470587966,0.30255116071110694,2,0.442236668301887,0.55,1470.6999999999998,0.442236668301887,357.71860743937185
CR00338,15,1275,4,2,24,1,1,1,1.0,0,2,bens_consumo,False,False,True,False,False,False,False,False,False,False,False,True,False,False,False,False,False,True,True,False,False,True,False,False,True,True,False,False,False,True,car or other,0.7754621725410327,0.9724537029330359,3,1.0,0.527358690043909,892.5,1.0,470.66763086418877
CR00339,24,4169,4,4,28,1,1,0,1.0,1,2,bens_consumo,False,False,True,False,False,False,False,False,False,False,True,False,False,False,False,True,False,True,False,False,False,True,False,True,False,True,False,False,False,True,building society savings agreement/life insurance,0.6749164013141458,0.5150425100093633,2,0.8943206538654545,0.55,2918.2999999999997,0.8943206538654545,1435.4427802965556
CR00340,10,1521,4,2,31,1,1,0,1.0,1,2,bens_consumo,False,False,True,False,False,False,False,False,False,False,True,False,False,True,False,False,False,True,True,False,False,True,False,True,False,False,False,True,False,True,car or other,0.751612424249475,0.513439034475215,2,0.751612424249475,0.5842430932044359,1064.7,0.751612424249475,467.5357142203436
CR00341,24,5743,2,4,24,2,1,0,1.0,1,1,pessoal,True,False,False,False,False,False,False,False,False,False,False,False,True,False,False,False,False,True,False,False,True,True,False,False,False,True,False,False,True,True,unknown/no property,0.8540280980636366,0.8004167108315288,2,0.9786922038450807,0.38623447920077586,4020.1,0.9786922038450807,1519.6165885402215
CR00342,21,3599,1,4,26,1,1,0,1.0,1,3,bens_consumo,False,False,True,False,False,False,False,False,False,False,True,False,False,False,False,False,False,True,True,False,False,True,False,False,True,False,False,True,False,True,car or other,0.6201762254161848,0.5400468102673871,2,0.8162324800218909,0.4829310050980951,2519.2999999999997,0.8162324800218909,993.0676805857406
CR00343,18,3213,1,3,25,1,1,0,1.0,3,1,bens_consumo,False,False,True,False,False,False,True,False,False,False,False,False,False,False,True,False,False,True,False,True,False,True,False,False,True,True,False,False,False,True,real estate,0.4862722346408183,0.29848088225456854,2,0.6317866266000538,0.2971061953381454,2249.1,0.6317866266000538,422.17343506418774
CR00344,18,4439,1,1,33,1,1,0,1.0,1,4,pessoal,False,False,True,False,False,False,False,False,False,True,False,False,False,False,False,True,False,False,False,True,False,False,False,True,False,False,False,False,True,True,real estate,0.4627192646607509,0.4860456895389612,2,0.6061762499595512,0.24992986640802092,3107.2999999999997,0.6061762499595512,470.7607637424841
CR00345,10,3949,1,1,37,1,2,0,1.0,1,1,veiculos,False,False,True,False,True,False,False,False,False,False,False,False,False,False,False,True,True,False,False,False,False,True,False,True,False,False,False,True,False,True,building society savings agreement/life insurance,0.4227555671064145,0.4903138056014895,2,0.4227555671064145,0.55,2764.2999999999997,0.4227555671064145,642.7427677837438
CR00346,15,1459,4,2,43,1,1,0,3.0,1,2,bens_consumo,True,False,False,False,False,False,True,False,False,False,False,False,False,False,False,False,False,True,True,False,False,True,False,True,False,False,False,True,False,True,car or other,0.12085852385423072,0.16951279375815342,1,0.14871797727404545,0.3871081482108201,1021.3,0.12085852385423072,47.781846667172694
CR00347,13,882,4,4,23,2,1,0,1.0,1,1,bens_consumo,True,False,False,False,False,False,True,False,False,False,False,False,False,False,False,True,True,False,False,True,False,True,False,True,False,True,False,False,False,True,real estate,0.24414924873923333,0.24161678630116162,2,0.2615761423322146,0.23546360083474727,617.4,0.2615761423322146,38.026691109971864
CR00348,24,3758,1,4,23,1,1,0,1.0,3,0,bens_consumo,False,False,True,False,False,False,True,False,False,False,False,False,False,False,False,False,False,True,False,False,True,True,False,False,True,False,True,False,False,True,unknown/no property,0.7834541038617289,0.5412744378174292,2,0.953107874865673,0.9694041619894564,2630.6,0.953107874865673,2430.5342961372676
CR00349,6,1743,1,2,34,2,1,0,3.0,2,2,pessoal,False,True,False,False,False,False,False,False,False,True,False,False,False,False,False,True,False,True,False,True,False,True,False,True,False,False,False,True,False,True,real estate,0.05916962268868973,0.04654918216379479,1,0.05916962268868975,0.38874531716197536,1220.1,0.05916962268868973,28.064634952306147
CR00350,9,1136,4,3,32,2,2,1,1.0,4,4,pessoal,True,False,False,False,False,False,False,False,False,False,False,False,True,False,False,True,False,True,False,False,True,True,False,False,False,True,False,False,False,True,unknown/no property,0.6704594594374317,0.8485135450474167,3,1.0,0.6010361999269486,795.1999999999999,1.0,477.94398618190945
CR00351,9,1236,1,4,23,1,1,0,3.0,1,1,bens_consumo,False,False,True,False,False,False,False,False,False,False,False,True,False,False,False,False,False,True,False,True,False,True,False,False,True,True,False,False,True,True,real estate,0.14051576718219475,0.17401883672108104,1,0.14051576718219472,0.2718907263559721,865.1999999999999,0.14051576718219475,33.05490889994378
CR00352,9,959,1,2,29,1,1,1,1.0,1,2,bens_consumo,False,False,True,False,False,False,False,False,False,False,True,False,False,False,False,False,False,True,True,False,False,True,False,True,False,True,False,False,False,False,car or other,0.15445249233750646,0.175200207598803,3,1.0,0.5362371827612131,671.3,1.0,359.97602078760235
CR00353,18,3229,2,4,38,1,1,0,3.0,0,0,veiculos,True,False,False,False,False,True,False,False,False,False,False,False,False,False,False,True,False,True,False,False,True,True,False,True,False,False,False,False,True,True,unknown/no property,0.06494493725851651,0.060368821489829236,1,0.09581816254683473,0.6434960208538538,2260.2999999999997,0.06494493725851651,94.46202520564648
CR00354,12,6199,4,2,28,2,1,1,1.0,1,2,bens_consumo,False,False,False,True,False,False,True,False,False,False,False,False,False,False,False,True,False,True,False,False,False,True,False,False,True,True,False,False,True,True,building society savings agreement/life insurance,0.8226393961610345,0.8659661358259839,3,1.0,0.55,4339.299999999999,1.0,2386.615
CR00355,10,727,4,4,46,1,1,0,3.0,3,4,pessoal,False,False,True,False,False,False,False,False,False,False,False,False,True,False,False,True,False,True,False,False,True,True,False,False,False,True,False,False,True,True,unknown/no property,0.2852420358331903,0.27035193739178104,2,0.2852420358331903,0.4900163079392315,508.9,0.2852420358331903,71.13060655251059
CR00356,24,1246,4,2,23,1,1,1,1.0,1,1,veiculos,False,False,True,False,True,False,False,False,False,False,False,False,False,False,False,True,False,True,False,True,False,False,True,True,False,False,False,True,False,True,real estate,0.7587164827001277,0.7044682920015269,3,1.0,0.28579803031400597,872.1999999999999,1.0,249.27304203987597
CR00357,12,2331,1,4,49,1,1,0,3.0,0,4,bens_consumo,True,False,False,False,False,False,True,False,False,False,False,False,False,False,False,True,False,False,False,True,False,True,False,True,False,True,False,False,True,True,real estate,0.019913358662170286,0.021457713677682715,1,0.019913358662170255,0.21426774810553043,1631.6999999999998,0.019913358662170286,6.9621220878306
CR00358,36,4463,4,2,26,2,1,1,3.0,1,2,bens_consumo,False,True,False,False,False,False,True,False,False,False,False,False,False,False,False,True,False,True,True,False,False,True,False,True,False,False,False,False,True,True,car or other,0.3048629557727506,0.3079402700309348,3,1.0,0.427109165228311,3124.1,1.0,1334.3317430897664
CR00359,12,776,4,2,28,1,1,0,3.0,1,2,bens_consumo,False,False,True,False,False,False,True,False,False,False,False,False,False,False,True,False,False,True,False,True,False,True,False,True,False,True,False,False,False,True,real estate,0.17044623801799444,0.1618664857121638,1,0.1704462380179944,0.4263911476055387,543.1999999999999,0.17044623801799444,39.47801985261862
CR00360,30,2406,4,4,23,1,1,1,1.0,1,3,bens_consumo,False,False,True,False,False,False,False,False,False,False,True,False,False,False,False,False,False,True,False,True,False,True,False,False,True,True,False,False,False,True,real estate,0.7803938424078568,0.7969493646186899,3,1.0,0.25636012989551304,1684.1999999999998,1.0,431.761730770023
CR00361,18,1239,4,4,61,1,1,0,1.0,0,2,pessoal,False,False,True,False,False,False,False,False,False,False,False,False,True,False,False,True,False,True,False,False,True,True,False,False,False,True,False,False,False,True,unknown/no property,0.8462440017778275,0.7461506473397314,2,0.9397096089495445,0.736502215873685,867.3,0.9397096089495445,600.2567768991195
CR00362,12,3399,2,3,37,1,1,0,1.0,0,4,bens_consumo,False,False,True,False,False,False,True,False,False,False,False,False,False,False,False,True,False,True,True,False,False,True,False,True,False,False,False,False,False,True,car or other,0.3063256510267798,0.1918914431335242,2,0.3063256510267798,0.7980618639983902,2379.2999999999997,0.3063256510267798,581.659904942472
CR00363,12,2247,2,2,36,2,1,0,1.0,1,2,veiculos,False,True,False,False,True,False,False,False,False,False,False,False,False,False,False,False,False,True,True,False,False,False,True,True,False,True,False,False,True,True,car or other,0.6605828727704827,0.5697111708803066,2,0.6605828727704827,0.7995650383891452,1572.8999999999999,0.6605828727704827,830.7727019538053
CR00364,6,1766,1,2,21,1,1,0,3.0,1,2,bens_consumo,False,False,True,False,False,False,False,False,False,False,True,False,False,False,True,False,False,True,False,False,False,True,False,False,True,True,False,False,False,True,building society savings agreement/life insurance,0.16821710536763515,0.1658863312602767,1,0.16821710536763512,0.55,1236.1999999999998,0.16821710536763515,114.37249211050882
CR00365,18,2473,4,1,25,1,1,1,1.0,1,0,bens_consumo,False,False,True,False,False,False,False,False,False,False,True,False,False,False,False,True,False,True,True,False,False,True,False,True,False,False,True,False,False,True,car or other,0.6585968644316181,0.99,3,1.0,0.50860518400387,1731.1,1.0,880.4464340290994
CR00366,12,1542,2,4,36,1,1,0,3.0,1,3,pessoal,False,False,True,False,False,False,False,False,False,True,False,False,False,False,False,True,False,True,True,False,False,True,False,True,False,True,False,False,True,True,car or other,0.0550781954101974,0.04998708333486352,1,0.05507819541019743,0.5958614001963667,1079.3999999999999,0.0550781954101974,35.424796906019616
CR00367,18,3850,3,1,27,2,1,0,3.0,1,3,veiculos,True,False,False,False,False,True,False,False,False,False,False,False,False,False,False,True,False,True,True,False,False,True,False,True,False,True,False,False,False,True,car or other,0.04290086472208499,0.06979494495967535,1,0.06365609947411566,0.4816058701068128,2695.0,0.04290086472208499,55.68222582218483
CR00368,18,3650,1,4,22,1,1,0,1.0,1,1,bens_consumo,False,False,True,False,False,False,False,False,False,False,True,False,False,False,False,False,False,True,True,False,False,True,False,False,True,True,False,False,False,True,car or other,0.6799217167163903,0.9670364518998714,2,0.8189142343850676,0.3830259765259405,2555.0,0.8189142343850676,801.415159128232
CR00369,36,3446,4,2,42,1,2,1,1.0,1,4,bens_consumo,False,False,True,False,False,False,False,False,False,False,True,False,False,False,False,True,False,True,True,False,False,True,False,True,False,True,False,False,False,True,car or other,0.6634706230006975,0.5358341887502218,3,1.0,0.5198212095022088,2412.2,1.0,1253.912721561228
CR00370,18,3001,2,4,40,1,1,0,1.0,1,3,bens_consumo,False,False,True,False,False,False,False,False,False,False,True,False,False,False,False,False,False,True,False,True,False,True,False,False,True,True,False,False,False,True,real estate,0.5758325925805113,0.4826338132728596,2,0.7237476748305273,0.42489311214980535,2100.7,0.7237476748305273,645.9976049182279
CR00371,36,3079,4,4,36,1,1,0,3.0,0,2,veiculos,False,False,True,False,True,False,False,False,False,False,False,False,False,False,False,True,False,True,False,True,False,True,False,True,False,True,False,False,False,True,real estate,0.3738665879812821,0.3881468575052821,2,0.7545287476668002,0.16689086526884334,2155.2999999999997,0.7545287476668002,271.4039014364196
CR00372,18,6070,3,4,33,2,1,0,3.0,1,4,bens_consumo,True,False,False,False,False,False,True,False,False,False,False,False,False,False,False,True,False,True,True,False,False,True,False,True,False,True,False,False,True,True,car or other,0.07011478411058204,0.10751565325436375,1,0.10330651478551256,0.5786857468336224,4249.0,0.07011478411058204,172.40073695401196
CR00373,10,2146,1,3,23,2,1,0,3.0,1,1,bens_consumo,True,False,False,False,False,False,False,False,False,False,True,False,False,False,False,False,False,True,False,True,False,True,False,False,True,True,False,False,False,True,real estate,0.1259267614615539,0.13817729527399555,1,0.1259267614615539,0.226019273651506,1502.1999999999998,0.1259267614615539,42.75542886358972
CR00374,60,13756,2,4,63,1,1,0,3.0,0,4,veiculos,True,False,False,False,True,False,False,False,False,False,False,False,False,False,False,True,False,True,False,False,True,False,False,False,False,False,False,False,True,True,unknown/no property,0.6702650367541981,0.7942178476749001,2,0.9961021511091358,0.4391338301737357,9629.199999999999,0.9961021511091358,4212.025394327717
CR00375,60,14782,3,4,60,2,1,1,1.0,2,4,bens_consumo,False,False,False,False,False,False,False,False,True,False,False,False,False,False,False,False,False,True,False,False,True,False,False,False,False,False,False,False,True,True,unknown/no property,0.9269041890848809,0.79047973274628,3,1.0,0.4659221880716041,10347.4,1.0,4821.083248852116
CR00376,48,7685,2,4,37,1,1,1,1.0,1,3,pessoal,False,False,False,False,False,False,False,False,False,True,False,False,False,False,False,False,True,False,True,False,False,True,False,False,True,True,False,False,False,True,car or other,0.8031035848514155,0.45671112062227676,3,1.0,0.7461119223985508,5379.5,1.0,4013.709086543004
CR00377,18,2320,2,3,34,2,1,0,3.0,1,0,bens_consumo,False,True,False,False,False,False,True,False,False,False,False,False,False,False,True,False,False,True,False,True,False,True,False,True,False,True,False,False,False,True,real estate,0.21155304854989335,0.20038553092164968,2,0.2999021926910026,0.24656693863541376,1624.0,0.2999021926910026,120.0882480399944
CR00378,7,846,3,4,36,1,1,0,3.0,0,4,bens_consumo,False,True,False,False,False,False,True,False,False,False,False,False,False,False,False,True,False,True,False,False,True,True,False,False,False,True,False,False,False,True,unknown/no property,0.11453268548707808,0.1391688615388142,1,0.11453268548707807,0.7554234448542081,592.1999999999999,0.11453268548707808,51.23754422004264
CR00379,36,14318,4,2,57,1,1,1,1.0,1,4,veiculos,False,False,True,False,True,False,False,False,False,False,False,False,False,False,False,True,False,True,False,False,True,True,False,False,False,False,False,False,True,True,unknown/no property,0.8983362642968541,0.99,3,1.0,0.5958750159309322,10022.599999999999,1.0,5972.21693466936
CR00380,6,362,4,4,52,2,1,0,3.0,2,2,veiculos,True,False,False,False,True,False,False,False,False,False,False,False,False,False,False,False,False,True,True,False,False,True,False,True,False,False,False,True,False,True,car or other,0.17039795809101815,0.17280437969078613,1,0.1703979580910182,0.7167685856013748,253.39999999999998,0.17039795809101815,30.949237924160244
CR00381,20,2212,4,4,39,1,1,0,1.0,0,3,bens_consumo,False,False,True,False,False,False,False,False,False,False,True,False,False,False,False,True,False,True,True,False,False,True,False,True,False,True,False,False,True,True,car or other,0.4787220265141776,0.5003552804075838,2,0.6623638362603634,0.5705233874506107,1548.3999999999999,0.6623638362603634,585.1311618661275
CR00382,18,12976,3,4,38,1,1,1,1.0,1,0,veiculos,False,False,True,False,False,True,False,False,False,False,False,False,False,False,False,False,False,True,False,False,True,True,False,False,False,False,False,False,True,True,unknown/no property,0.7850069949994944,0.99,3,1.0,0.8401271558452402,9083.199999999999,1.0,7631.042981973485
CR00383,22,1283,4,4,25,1,1,0,3.0,0,3,veiculos,False,False,True,False,True,False,False,False,False,False,False,False,False,False,False,False,False,True,False,False,False,True,False,False,True,True,False,False,False,True,building society savings agreement/life insurance,0.49267352039106366,0.47854866803555096,2,0.7118001129961182,0.55,898.0999999999999,0.7118001129961182,351.5972248149976
CR00384,12,1330,4,1,26,1,1,0,1.0,1,1,veiculos,False,False,True,False,True,False,False,False,False,False,False,False,False,False,False,True,False,True,False,True,False,True,False,True,False,True,False,False,False,True,real estate,0.5992634201312825,0.7990548951865867,2,0.5992634201312825,0.21208801791218124,930.9999999999999,0.5992634201312825,118.32692620509707
CR00385,30,4272,2,2,26,2,1,0,3.0,2,2,pessoal,False,True,False,False,False,False,False,False,False,True,False,False,False,False,False,True,False,True,False,False,False,True,False,True,False,False,False,True,False,True,building society savings agreement/life insurance,0.2055152073719906,0.1556318395355619,2,0.43738154757923364,0.55,2990.3999999999996,0.43738154757923364,719.3701789345172
CR00386,18,2238,2,1,25,2,1,0,3.0,1,2,bens_consumo,True,False,False,False,False,False,True,False,False,False,False,False,False,False,False,False,False,True,True,False,False,True,False,True,False,True,False,False,False,True,car or other,0.10316091973074605,0.07909324280158431,1,0.15067914761922852,0.44397841986197867,1566.6,0.10316091973074605,71.752194594443
CR00387,18,1126,4,2,21,1,1,0,3.0,0,1,bens_consumo,False,False,True,False,False,False,True,False,False,False,False,False,False,False,False,False,False,True,False,True,False,True,False,False,True,True,False,False,True,True,real estate,0.2803844627396935,0.2137856604131988,2,0.38954901690352495,0.3777753565060432,788.1999999999999,0.38954901690352495,115.993103168746
CR00388,18,7374,4,4,40,2,1,0,1.0,1,0,bens_consumo,True,False,False,False,False,False,False,False,False,False,True,False,False,False,False,True,False,True,False,False,False,False,True,True,False,False,False,False,True,True,building society savings agreement/life insurance,0.6957522564997547,0.7832925562900327,2,0.8321810309266513,0.55,5161.799999999999,0.8321810309266513,2362.5536249904535
CR00389,15,2326,2,4,27,1,1,0,1.0,3,2,pessoal,True,False,False,False,False,False,False,False,False,True,False,False,False,False,False,True,False,True,True,False,False,False,False,True,False,True,False,False,False,True,car or other,0.36968331336596266,0.325062212954915,2,0.43837231783131214,0.6431519985910303,1628.1999999999998,0.43837231783131214,459.0547606562986
CR00390,9,1449,3,2,27,2,1,0,3.0,1,3,pessoal,False,False,True,False,False,False,False,False,False,True,False,False,False,False,False,False,False,True,True,False,False,True,False,True,False,True,False,False,False,True,car or other,0.18054534659794225,0.1866059828280827,1,0.1805453465979423,0.6125765530604034,1014.3,0.18054534659794225,112.17939528915119
CR00391,18,1820,2,2,30,1,1,0,3.0,1,2,veiculos,False,False,True,False,True,False,False,False,False,False,False,False,False,False,True,False,False,True,False,False,False,True,False,True,False,False,False,False,True,True,building society savings agreement/life insurance,0.19641545321306744,0.21646634619290694,1,0.27964368994901734,0.55,1274.0,0.19641545321306744,137.6283080663964
CR00392,12,983,1,4,19,1,1,0,1.0,4,1,bens_consumo,False,False,True,False,False,False,False,False,False,False,True,False,False,False,False,False,False,True,False,True,False,True,False,False,True,False,False,True,False,True,real estate,0.48167459426802217,0.5242953574163792,2,0.48167459426802217,0.19952266200068364,688.0999999999999,0.48167459426802217,66.12984861904769
CR00393,36,3249,2,4,39,1,2,0,1.0,1,3,veiculos,False,False,True,False,True,False,False,False,False,False,False,False,False,False,False,True,False,True,False,False,True,False,False,False,False,False,False,False,True,True,unknown/no property,0.8494699830751822,0.99,2,0.9965890972956103,0.7337391201195257,2274.2999999999997,0.9965890972956103,1663.0509612824858
CR00394,6,1957,1,4,31,1,1,0,1.0,1,3,bens_consumo,True,False,False,False,False,False,True,False,False,False,False,False,False,False,False,False,False,True,True,False,False,True,False,True,False,True,False,False,False,True,car or other,0.16683978780334457,0.23936747452965693,1,0.16683978780334452,0.5644228467043348,1369.8999999999999,0.16683978780334457,129.0010007076524
CR00395,9,2406,2,3,31,1,1,0,3.0,1,0,bens_consumo,True,False,False,False,False,False,False,False,False,False,True,False,False,False,False,True,False,True,True,False,False,True,False,True,False,False,False,False,False,True,car or other,0.08479707569743589,0.06952471909621806,1,0.08479707569743589,0.2983049543080496,1684.1999999999998,0.08479707569743589,42.60249211824191
CR00396,39,11760,2,3,32,1,1,0,1.0,2,3,pessoal,False,True,False,False,False,False,False,False,False,False,False,False,True,False,False,True,False,True,False,False,True,True,False,False,True,True,False,False,True,True,unknown/no property,0.9551924995793893,0.99,2,0.9999586105331651,0.5937309607583434,8232.0,0.9999586105331651,4887.390974083175
CR00397,12,2578,3,4,55,1,1,0,1.0,1,0,bens_consumo,False,False,True,False,False,False,False,False,False,False,True,False,False,False,False,False,False,True,False,False,True,True,False,False,False,False,False,False,False,True,unknown/no property,0.7618307742344674,0.7217062767285028,2,0.7618307742344674,0.621041660633503,1804.6,0.7618307742344674,853.8079602602061
CR00398,36,2348,3,2,46,2,1,0,1.0,1,2,bens_consumo,True,False,False,False,False,False,False,False,False,False,True,False,False,False,True,False,False,True,False,False,False,True,False,True,False,True,False,False,True,True,building society savings agreement/life insurance,0.47176597171653395,0.367254637597237,2,0.8526062312097769,0.55,1643.6,0.8526062312097769,770.7389808890141
CR00399,12,1223,1,1,46,2,1,1,1.0,1,4,veiculos,False,False,True,False,True,False,False,False,False,False,False,False,False,True,False,False,False,True,False,True,False,True,False,False,True,True,False,False,False,True,real estate,0.6048083740353561,0.9328037115114887,3,1.0,0.25332361602096354,856.0999999999999,1.0,216.87034767554687
CR00400,24,1516,4,1,43,2,1,0,3.0,4,2,bens_consumo,True,False,False,False,False,False,True,False,False,False,False,False,False,False,False,False,False,True,False,True,False,True,False,True,False,False,False,True,False,True,real estate,0.11827424514861534,0.14388848038624744,1,0.22255969323175606,0.21951213480226406,1061.2,0.11827424514861534,27.551545125834448
CR00401,18,1473,3,4,39,1,1,0,3.0,1,1,bens_consumo,False,False,True,False,False,False,True,False,False,False,False,False,False,False,True,False,False,True,False,True,False,True,False,True,False,True,False,False,True,True,real estate,0.1325302561724268,0.126846444560817,1,0.19205554594241336,0.3491755486915878,1031.1,0.1325302561724268,47.7155186221701
CR00402,18,1887,4,4,28,2,1,0,1.0,0,2,pessoal,True,False,False,False,False,False,False,False,False,True,False,False,False,False,True,False,False,True,False,True,False,False,False,True,False,True,False,False,False,True,real estate,0.693582588183034,0.6288209921011311,2,0.8303826944649906,0.34556131517181937,1320.8999999999999,0.8303826944649906,379.0297928361141
CR00403,24,8648,2,2,27,2,1,1,3.0,1,1,pessoal,False,True,False,False,False,False,False,False,False,True,False,False,False,False,False,True,False,True,True,False,False,False,False,True,False,True,False,False,True,True,car or other,0.45893858734684145,0.5043069029039273,3,1.0,0.4467215853970491,6053.599999999999,1.0,2704.2737893595763
CR00404,14,802,4,2,27,2,1,0,3.0,1,2,veiculos,False,True,False,False,True,False,False,False,False,False,False,False,False,False,False,True,False,True,True,False,False,True,False,True,False,False,False,True,False,True,car or other,0.30163733603699855,0.233207966025903,2,0.34219902158287774,0.47326757318581086,561.4,0.34219902158287774,90.91968465569649
CR00405,18,2899,4,4,43,1,2,0,1.0,0,4,veiculos,False,True,False,False,True,False,False,False,False,False,False,False,False,False,False,True,False,True,True,False,False,True,False,True,False,True,False,False,False,True,car or other,0.6623712726200184,0.6284317930762707,2,0.8038180316278181,0.5516899539875084,2029.3,0.8038180316278181,899.9099949196352
CR00406,24,2039,1,1,22,1,1,1,1.0,1,1,bens_consumo,False,False,True,False,False,False,True,False,False,False,False,False,False,False,True,False,False,True,False,False,False,True,False,True,False,True,False,False,True,True,building society savings agreement/life insurance,0.3827824797441741,0.5184338420009599,3,1.0,0.55,1427.3,1.0,785.015
CR00407,24,2197,4,4,43,2,2,0,3.0,0,3,veiculos,True,False,False,False,False,True,False,False,False,False,False,False,False,False,False,True,False,True,True,False,False,True,False,True,False,True,False,False,True,True,car or other,0.05049320415776141,0.06372198905391425,1,0.09843684464940539,0.4247814195724542,1537.8999999999999,0.05049320415776141,32.9857634016034
CR00408,15,1053,4,2,27,1,1,0,1.0,1,1,bens_consumo,False,False,True,False,False,False,True,False,False,False,False,False,False,False,True,False,False,True,False,True,False,True,False,True,False,True,False,False,False,False,real estate,0.27465967717265055,0.2245649620568405,2,0.3306129956941216,0.22841779882944138,737.0999999999999,0.3306129956941216,55.66423873928704
CR00409,24,3235,3,2,26,1,1,0,3.0,3,4,bens_consumo,False,False,True,False,False,False,True,False,False,False,False,False,False,True,False,False,False,True,True,False,False,True,False,True,False,False,False,False,True,True,car or other,0.21104514403758212,0.18793839054647585,2,0.37755023525332043,0.6412356641234133,2264.5,0.37755023525332043,548.232451445599
CR00410,12,939,4,2,28,3,1,1,1.0,3,3,veiculos,True,False,False,False,True,False,False,False,False,False,False,False,False,False,True,False,False,True,False,True,False,True,False,True,False,True,False,False,True,True,real estate,0.41482084522355156,0.666881279632202,3,1.0,0.27483678825136454,657.3,1.0,180.6502209176219
CR00411,24,1967,4,4,20,1,1,0,1.0,1,4,bens_consumo,False,False,True,False,False,False,True,False,False,False,False,False,False,False,False,False,False,True,True,False,False,True,False,True,False,True,False,False,True,True,car or other,0.5210879035614648,0.37203601808800757,2,0.7706432038848472,0.6341154130199343,1376.8999999999999,0.7706432038848472,672.858994387055
CR00412,33,7253,3,2,35,2,1,0,3.0,1,3,veiculos,True,False,False,False,False,True,False,False,False,False,False,False,False,False,False,True,False,True,True,False,False,True,False,True,False,False,False,False,True,True,car or other,0.06587302845321272,0.0567254134910372,1,0.17088216425839453,0.5273048305407058,5077.099999999999,0.06587302845321272,176.35391183537342
CR00413,12,2292,4,2,42,2,1,1,3.0,1,0,pessoal,True,False,False,False,False,False,False,False,False,True,False,False,False,False,False,True,False,True,True,False,False,False,True,True,False,False,False,False,True,True,car or other,0.14721167208933167,0.10521814330526272,3,1.0,0.4716774465851906,1604.3999999999999,1.0,756.7592953012797
CR00414,10,1597,3,2,40,1,2,0,3.0,3,2,veiculos,False,False,True,False,True,False,False,False,False,False,False,False,False,False,False,True,False,True,False,False,True,True,False,False,True,False,False,True,False,False,unknown/no property,0.17960764778651975,0.1976899625086309,1,0.17960764778651972,0.19179285832627582,1117.8999999999999,0.17960764778651975,38.508820169076806
CR00415,24,1381,4,2,35,1,1,1,1.0,0,2,veiculos,False,False,True,False,True,False,False,False,False,False,False,False,False,False,False,False,False,True,False,False,False,True,False,True,False,True,False,False,False,True,building society savings agreement/life insurance,0.774969298487329,0.8344309279096555,3,1.0,0.55,966.6999999999999,1.0,531.6850000000001
CR00416,36,5842,2,2,35,2,2,0,3.0,1,4,veiculos,True,False,False,False,False,True,False,False,False,False,False,False,False,False,False,True,False,True,False,False,False,True,False,True,False,True,False,False,True,True,building society savings agreement/life insurance,0.04305670289492477,0.05706164588444415,1,0.12368829163813255,0.55,4089.3999999999996,0.04305670289492477,96.84184445017794
CR00417,12,2579,4,1,33,1,2,1,1.0,1,1,veiculos,False,False,True,False,True,False,False,False,False,False,False,False,False,False,False,True,False,True,False,True,False,True,False,True,False,False,False,True,False,True,real estate,0.6859272133018314,0.3637763029929779,3,1.0,0.35083214363995757,1805.3,1.0,633.3572689132154
CR00418,18,8471,1,2,23,2,1,0,1.0,0,2,pessoal,False,True,False,False,False,False,False,False,False,False,False,False,True,False,False,False,False,True,True,False,False,True,False,False,True,True,False,False,True,True,car or other,0.9051088520774813,0.94569373696741,2,0.9707693447625059,0.6677211121302689,5929.7,0.9707693447625059,3843.650435029329
CR00419,21,2782,1,2,31,1,1,0,3.0,3,3,veiculos,False,False,True,False,True,False,False,False,False,False,False,False,False,False,False,False,False,True,True,False,False,False,False,True,False,False,False,False,False,True,car or other,0.36624184028895246,0.24626558884136437,2,0.5498406894986305,0.775533251971212,1947.3999999999999,0.5498406894986305,830.4097977675027
CR00420,18,1042,4,2,33,1,1,1,1.0,0,2,veiculos,False,False,True,False,True,False,False,False,False,False,False,False,False,False,False,False,False,True,False,False,False,True,False,True,False,True,False,False,False,True,building society savings agreement/life insurance,0.7451159117117362,0.8759972093995395,3,1.0,0.55,729.4,1.0,401.17
CR00421,15,3186,2,3,20,1,1,0,3.0,4,3,veiculos,False,False,True,False,True,False,False,False,False,False,False,False,False,False,False,False,False,True,True,False,False,True,False,False,True,True,False,False,False,True,car or other,0.29296539579606734,0.2812078852221704,2,0.3516629548499629,0.4899585352000128,2230.2,0.3516629548499629,384.26405377379166
CR00422,12,2028,4,2,30,1,1,0,1.0,0,2,veiculos,False,False,True,False,False,True,False,False,False,False,False,False,False,False,False,True,False,True,True,False,False,True,False,True,False,True,False,False,False,True,car or other,0.31097150946139646,0.4722645992652748,2,0.3109715094613965,0.2736120222468075,1419.6,0.3109715094613965,120.78743764469644
CR00423,12,958,2,3,47,2,2,0,1.0,1,3,veiculos,True,False,False,False,True,False,False,False,False,False,False,False,False,False,False,True,False,True,False,True,False,True,False,True,False,False,False,True,False,True,real estate,0.2710722301011449,0.2983007197319367,2,0.2710722301011449,0.26469347029449747,670.5999999999999,0.2710722301011449,48.116253651151744
CR00424,21,1591,4,3,34,2,1,0,3.0,2,3,bens_consumo,False,True,False,False,False,False,False,False,False,False,True,False,False,False,False,True,False,True,False,True,False,True,False,True,False,False,False,False,False,True,real estate,0.1994168886139303,0.15593805171664996,1,0.32241896416107574,0.18787052827187825,1113.6999999999998,0.1994168886139303,41.72427625133692
CR00425,12,2762,1,2,25,1,1,1,1.0,0,4,bens_consumo,False,False,True,False,False,False,False,False,False,False,True,False,False,False,False,False,False,True,False,False,False,False,False,True,False,True,False,False,True,True,building society savings agreement/life insurance,0.5401866561048749,0.7386695725721915,3,1.0,0.55,1933.3999999999999,1.0,1063.3700000000001
CR00426,18,2779,1,3,21,1,1,0,1.0,1,2,veiculos,False,False,True,False,False,True,False,False,False,False,False,False,False,False,True,False,False,True,True,False,False,True,False,False,True,True,False,False,True,True,car or other,0.2748640280992626,0.21023367409632673,2,0.3825110722404268,0.3232115796810837,1945.3,0.3825110722404268,240.5013449762999
CR00427,28,2743,4,2,29,2,1,0,3.0,1,4,bens_consumo,True,False,False,False,False,False,True,False,False,False,False,False,False,False,False,True,False,True,True,False,False,True,False,True,False,True,False,False,False,True,car or other,0.10802028513230591,0.09928649708862587,1,0.2341184366973199,0.4937222884244625,1920.1,0.10802028513230591,102.4028161560644
CR00428,18,1149,4,3,46,2,1,0,3.0,4,2,bens_consumo,True,False,False,False,False,False,True,False,False,False,False,False,False,False,False,True,False,True,False,True,False,True,False,True,False,True,False,False,False,True,real estate,0.060807544601665375,0.07894106815449316,1,0.08981034984732839,0.3626824556934382,804.3,0.060807544601665375,17.737895147939742
CR00429,9,1313,1,4,20,1,1,0,3.0,1,4,bens_consumo,False,False,True,False,False,False,False,False,False,False,True,False,False,False,False,True,False,True,True,False,False,True,False,True,False,True,False,False,False,True,car or other,0.060759182856291415,0.0688766722577088,1,0.06075918285629145,0.6018941233804396,919.0999999999999,0.060759182856291415,33.61203395879907
CR00430,18,1190,2,4,55,3,2,1,1.0,1,0,pessoal,True,False,False,False,False,False,False,True,False,False,False,False,False,False,False,False,False,True,False,False,True,True,False,False,False,False,True,False,False,True,unknown/no property,0.7610522299314789,0.8536048723477111,3,1.0,0.6561514739372716,833.0,1.0,546.5741777897472
CR00431,5,3448,1,4,74,1,1,0,3.0,1,3,pessoal,False,False,True,False,False,False,False,False,False,True,False,False,False,False,False,True,False,True,False,True,False,True,False,True,False,False,False,True,False,True,real estate,0.03940298760051159,0.039893822020917374,1,0.03940298760051164,0.35663337250977356,2413.6,0.03940298760051159,33.91692176866204
CR00432,24,11328,2,3,29,2,1,1,1.0,1,2,bens_consumo,False,False,True,False,False,False,False,False,True,False,False,False,False,False,False,True,False,False,True,False,False,False,False,True,False,False,False,False,True,True,car or other,0.6756873514913525,0.7726038726808084,3,1.0,0.67173850746635,7929.599999999999,1.0,5326.617668805168
CR00433,6,1872,4,4,36,3,1,0,1.0,1,0,bens_consumo,True,False,False,False,False,False,False,False,False,False,True,False,False,False,False,True,False,True,False,False,True,True,False,False,False,False,False,False,True,True,unknown/no property,0.5619117080684789,0.6910185784095326,2,0.5619117080684789,0.8482308190972315,1310.3999999999999,0.5619117080684789,624.5770375291359
CR00434,24,2058,4,2,33,2,1,0,3.0,1,2,pessoal,True,False,False,False,False,False,False,True,False,False,False,False,False,True,False,False,False,True,False,True,False,True,False,True,False,True,False,False,True,True,real estate,0.34278049219698903,0.3699016662742761,2,0.568062518563168,0.3028739746766551,1440.6,0.568062518563168,247.85717893308058
CR00435,9,2136,3,2,25,1,1,0,1.0,1,2,bens_consumo,False,False,True,False,False,False,False,False,False,False,True,False,False,False,False,True,False,True,False,True,False,True,False,True,False,True,False,False,False,True,real estate,0.40820367968670535,0.527679292928942,2,0.40820367968670535,0.2894691370393272,1495.1999999999998,0.40820367968670535,176.6763709816859
CR00436,12,1484,2,1,25,1,1,1,1.0,0,2,bens_consumo,False,False,True,False,False,False,True,False,False,False,False,False,False,False,True,False,False,True,False,True,False,True,False,True,False,True,False,False,True,True,real estate,0.30863956194805264,0.42604960068304504,3,1.0,0.24228398741301146,1038.8,1.0,251.6846061246363
CR00437,6,660,2,4,23,1,1,0,3.0,3,3,pessoal,False,False,True,False,False,False,False,True,False,False,False,False,False,False,True,False,False,True,False,True,False,True,False,False,True,False,False,True,False,True,real estate,0.21286065189370254,0.21543987230410952,2,0.2128606518937025,0.16628336523212076,461.99999999999994,0.2128606518937025,16.352575711343185
CR00438,24,1287,4,4,37,2,1,0,3.0,4,4,veiculos,True,False,False,False,True,False,False,False,False,False,False,False,False,False,False,False,False,True,False,True,False,True,False,True,False,True,False,False,True,True,real estate,0.11495626045186962,0.09218829366354336,1,0.2166975790866611,0.45469110150417225,900.9,0.11495626045186962,47.08967245051569
CR00439,42,3394,4,4,65,2,1,0,1.0,1,0,pessoal,True,False,False,False,False,False,False,True,False,False,False,False,False,False,False,True,False,False,True,False,False,True,False,True,False,False,True,False,False,True,car or other,0.8124489600772277,0.99,2,0.9971429478483989,0.5261454891683298,2375.7999999999997,0.9971429478483989,1246.4450909690627
CR00440,12,609,4,1,26,1,1,1,1.0,1,1,pessoal,False,False,False,False,False,False,False,False,False,True,False,False,False,False,False,False,False,True,False,True,False,True,False,True,False,False,True,False,False,True,real estate,0.6149198036507124,0.6143807321259875,3,1.0,0.22186899060432133,426.29999999999995,1.0,94.58275069462218
CR00441,12,1884,4,4,39,1,1,0,3.0,1,4,veiculos,False,False,True,False,True,False,False,False,False,False,False,False,False,False,False,True,False,True,True,False,False,True,False,True,False,False,False,False,True,True,car or other,0.15203797410829137,0.17886286018853645,1,0.15203797410829134,0.5333150870431309,1318.8,0.15203797410829137,106.93377094748608
CR00442,12,1620,2,3,30,1,1,0,1.0,1,2,bens_consumo,False,False,True,False,False,False,False,False,False,False,True,False,False,False,False,False,False,False,False,False,False,True,False,True,False,True,False,False,False,True,building society savings agreement/life insurance,0.589717433671748,0.7528980715436805,2,0.589717433671748,0.55,1134.0,0.589717433671748,367.80676338106923
CR00443,20,2629,2,3,29,2,1,0,1.0,1,2,bens_consumo,False,True,False,False,False,False,False,False,True,False,False,False,False,False,False,True,False,True,True,False,False,False,False,True,False,True,False,False,True,True,car or other,0.3080797521849915,0.24888707310909106,2,0.458714076973775,0.6649340549446016,1840.3,0.458714076973775,561.3183891060885
CR00444,12,719,4,4,41,1,2,1,3.0,1,4,pessoal,False,False,True,False,False,False,False,False,False,False,False,False,True,False,False,True,False,True,True,False,False,False,False,True,False,False,False,True,False,True,car or other,0.5980961493296459,0.6808172727086473,3,1.0,0.3664551525799832,503.29999999999995,1.0,184.43687829350552
CR00445,48,5096,2,3,30,1,1,1,1.0,1,2,bens_consumo,True,False,False,False,False,False,False,False,False,False,True,False,False,False,False,False,False,True,True,False,False,True,False,True,False,False,False,False,True,True,car or other,0.56091759957705,0.3856763678936984,3,1.0,0.6652986891592445,3567.2,1.0,2373.253483968857
CR00446,9,1244,4,4,41,2,1,0,3.0,0,4,pessoal,True,False,False,False,False,False,False,False,False,False,False,False,True,False,False,False,False,True,False,False,False,True,False,False,True,False,False,True,False,True,building society savings agreement/life insurance,0.4254343704423113,0.5170143012535697,2,0.42543437044231136,0.55,870.8,0.42543437044231136,203.7575373796406
CR00447,36,1842,4,4,34,1,1,1,1.0,1,1,veiculos,False,False,True,False,True,False,False,False,False,False,False,False,False,False,False,False,False,True,True,False,False,True,False,True,False,True,False,False,True,True,car or other,0.800767288339718,0.7270133787406557,3,1.0,0.4748744588093956,1289.3999999999999,1.0,612.3031271888347
CR00448,7,2576,2,2,35,1,1,0,1.0,1,2,bens_consumo,False,False,True,False,False,False,True,False,False,False,False,False,False,False,False,True,True,False,False,True,False,True,False,True,False,True,False,False,False,True,real estate,0.18775990152896355,0.19873748415177456,1,0.1877599015289635,0.33951607107756304,1803.1999999999998,0.18775990152896355,114.94949934447654
CR00449,12,1424,3,4,55,1,1,0,1.0,0,4,bens_consumo,False,False,True,False,False,False,False,False,False,False,True,False,False,False,False,False,False,True,False,True,False,True,False,True,False,False,False,False,True,True,real estate,0.3565468443184633,0.43051022890856483,2,0.3565468443184633,0.22351230411457151,996.8,0.3565468443184633,79.43759035696428
CR00450,15,1512,3,3,61,2,1,1,1.0,4,2,pessoal,False,True,False,False,False,False,False,True,False,False,False,False,False,False,True,False,False,True,False,False,False,False,True,True,False,True,False,False,False,True,building society savings agreement/life insurance,0.7349148101238379,0.6344990736960816,3,1.0,0.55,1058.3999999999999,1.0,582.12
CR00451,36,11054,4,2,30,1,1,0,3.0,0,2,veiculos,True,False,False,False,False,True,False,False,False,False,False,False,False,False,False,True,False,True,True,False,False,True,False,True,False,False,False,False,True,True,car or other,0.14842875850916626,0.15429259167180326,1,0.38246303474998977,0.7026774620879065,7737.799999999999,0.14842875850916626,807.0335307794907
CR00452,6,518,3,1,29,1,1,0,3.0,1,2,bens_consumo,False,False,True,False,False,False,True,False,False,False,False,False,False,False,False,False,False,True,False,True,False,True,False,True,False,True,False,False,False,True,real estate,0.11610589019415798,0.09985308702794328,1,0.11610589019415796,0.39895365472839184,362.59999999999997,0.11610589019415798,16.79594718223694
CR00453,12,2759,2,4,34,2,1,0,3.0,1,4,bens_consumo,False,False,False,True,False,False,False,False,False,False,True,False,False,False,False,True,False,True,False,False,False,True,False,True,False,True,False,False,False,True,building society savings agreement/life insurance,0.22632232044872871,0.22901398159713748,2,0.2263223204487287,0.55,1931.3,0.2263223204487287,240.40296361544634
CR00454,24,2670,4,4,35,1,1,0,3.0,1,4,veiculos,False,False,True,False,False,True,False,False,False,False,False,False,False,False,False,True,False,True,True,False,False,True,False,True,False,False,False,False,True,True,car or other,0.06317461721175313,0.08287692350154144,1,0.12235820216365467,0.673559171641084,1868.9999999999998,0.06317461721175313,79.52939426401828
CR00455,24,4817,2,3,31,1,1,1,1.0,1,3,veiculos,False,False,True,False,True,False,False,False,False,False,False,False,False,False,False,True,False,False,False,False,False,True,False,True,False,True,False,False,True,True,building society savings agreement/life insurance,0.5832917974706736,0.5983673614704728,3,1.0,0.55,3371.8999999999996,1.0,1854.5449999999998
CR00456,24,2679,4,1,29,1,1,0,3.0,1,1,veiculos,False,False,True,False,False,True,False,False,False,False,False,False,False,False,False,False,False,True,False,False,True,True,False,True,False,False,False,False,True,True,unknown/no property,0.2802356032505668,0.276619218262451,2,0.48193921317192456,0.6263186452556679,1875.3,0.48193921317192456,566.0546450471937
CR00457,11,3905,2,2,36,2,2,0,1.0,1,2,veiculos,True,False,False,False,True,False,False,False,False,False,False,False,False,False,False,True,False,True,False,True,False,True,False,False,True,True,False,False,False,True,real estate,0.486717666711787,0.3830128259295572,2,0.48671766671178696,0.17396032827247235,2733.5,0.48671766671178696,231.44425613851044
CR00458,12,3386,3,4,35,1,1,1,1.0,1,4,veiculos,False,False,True,False,False,True,False,False,False,False,False,False,False,False,False,True,False,True,False,False,True,True,False,False,False,True,False,False,True,True,unknown/no property,0.22377555674809396,0.28067876281728693,3,1.0,0.7366750403370373,2370.2,1.0,1746.0671806068458
CR00459,6,343,4,1,27,1,1,0,1.0,1,1,bens_consumo,False,False,True,False,False,False,False,False,False,False,False,True,False,False,False,False,False,True,False,True,False,True,False,True,False,True,False,False,False,True,real estate,0.5864338191905583,0.5922283487720387,2,0.5864338191905583,0.38063739525398105,240.1,0.5864338191905583,53.59479580627172
CR00460,18,4594,3,2,32,1,1,0,3.0,1,1,bens_consumo,False,False,True,False,False,False,True,False,False,False,False,False,False,False,False,True,False,True,True,False,False,True,False,True,False,True,False,False,True,True,car or other,0.14984071548391253,0.23045198107228443,1,0.21611843120906882,0.6254477459929828,3215.7999999999997,0.14984071548391253,301.3768579202113
CR00461,36,3620,1,2,37,1,2,0,1.0,1,2,bens_consumo,False,False,True,False,False,False,False,False,False,False,True,False,False,False,False,True,True,False,False,False,False,True,False,True,False,True,False,False,False,True,building society savings agreement/life insurance,0.4264441481788153,0.36234911001718995,2,0.8113194448888907,0.55,2534.0,0.8113194448888907,1130.7359103416472
CR00462,15,1721,2,3,36,1,1,0,1.0,1,1,veiculos,False,False,True,False,True,False,False,False,False,False,False,False,False,False,False,True,False,True,False,True,False,True,False,True,False,True,False,False,False,True,real estate,0.4628506526992767,0.606542731227193,2,0.5401472209335683,0.22036436489599737,1204.6999999999998,0.5401472209335683,143.39447638630588
CR00463,12,3017,3,1,34,1,1,0,1.0,1,1,bens_consumo,False,False,True,False,False,False,False,False,False,False,True,False,False,False,False,False,False,True,False,True,False,True,False,False,True,False,False,False,False,True,real estate,0.7102442308920911,0.99,2,0.7102442308920911,0.23127484789617467,2111.9,0.7102442308920911,346.9041289392558
CR00464,12,754,4,4,38,2,1,0,1.0,0,4,pj_capital_giro,False,False,True,False,False,False,False,False,False,False,False,False,False,False,False,True,False,True,False,False,False,True,False,True,False,True,False,False,False,True,building society savings agreement/life insurance,0.36625364400801036,0.3717160730484609,2,0.3662536440080104,0.55,527.8,0.3662536440080104,106.31977031908534
CR00465,18,1950,4,1,34,2,1,0,3.0,1,3,pessoal,False,False,True,False,False,False,False,False,False,True,False,False,False,False,False,True,False,True,True,False,False,False,True,True,False,True,False,False,True,True,car or other,0.18868081582798185,0.14311314520442245,1,0.2692183764616086,0.3987982077995276,1365.0,0.18868081582798185,102.71020468575034
CR00466,24,2924,3,4,63,1,2,0,1.0,1,2,veiculos,False,False,True,False,False,True,False,False,False,False,False,False,False,False,False,True,True,False,False,False,True,False,False,True,False,True,False,False,True,True,unknown/no property,0.5286744899955222,0.7739324908767236,2,0.7778522636190189,0.8214979932068743,2046.8,0.7778522636190189,1307.9135377921814
CR00467,24,1659,4,2,29,1,1,1,1.0,1,1,bens_consumo,False,True,False,False,False,False,True,False,False,False,False,False,False,False,False,False,False,True,True,False,False,True,False,False,True,False,False,True,True,True,car or other,0.7245424676848052,0.951033485667313,3,1.0,0.6501197041864052,1161.3,1.0,754.9840124716724
CR00468,48,7238,3,3,32,2,2,0,3.0,0,4,bens_consumo,False,True,False,False,False,False,True,False,False,False,False,False,False,False,False,True,False,True,True,False,False,False,False,True,False,True,False,False,False,True,car or other,0.6424165579285361,0.7736005539220143,2,0.983650307002848,0.48981019127003206,5066.599999999999,0.983650307002848,2441.0977346175114
CR00469,33,2764,2,2,26,2,1,0,3.0,1,2,pessoal,False,True,False,False,False,False,False,False,False,True,False,False,False,False,False,False,False,True,True,False,False,True,False,True,False,True,False,False,True,True,car or other,0.22449266299368972,0.297738977039248,2,0.5029944308302973,0.3837388800121742,1934.8,0.5029944308302973,373.4522316044041
CR00470,24,4679,3,3,35,2,1,0,3.0,1,3,veiculos,False,True,False,False,False,True,False,False,False,False,False,False,False,False,False,True,False,True,True,False,False,True,False,True,False,False,False,True,True,True,car or other,0.08415376293098188,0.0765381006453158,1,0.1612256700465199,0.37929825410110185,3275.2999999999997,0.08415376293098188,104.54553010271891
CR00471,24,3092,3,2,22,1,1,1,1.0,2,1,bens_consumo,False,False,True,False,False,False,True,False,False,False,False,False,False,False,True,False,False,True,True,False,False,True,False,False,True,True,False,False,True,True,car or other,0.6577244055673909,0.8048274191827575,3,1.0,0.2703683030940442,2164.3999999999996,1.0,585.1851552167492
CR00472,6,448,4,4,23,1,1,1,1.0,1,1,pessoal,False,False,True,False,False,False,False,False,False,False,False,False,True,False,False,False,False,True,False,False,False,True,False,True,False,True,False,False,False,True,building society savings agreement/life insurance,0.8503159096994771,0.99,3,1.0,0.55,313.59999999999997,1.0,172.48
CR00473,9,654,4,3,28,1,1,1,1.0,1,2,veiculos,False,False,True,False,True,False,False,False,False,False,False,False,False,False,False,True,False,True,True,False,False,True,False,True,False,False,False,True,False,True,car or other,0.5876295824044023,0.5078928183519894,3,1.0,0.5213291960436809,457.79999999999995,1.0,238.66450594879709
CR00474,6,1238,4,4,36,1,2,0,3.0,0,0,pj_capital_giro,False,False,True,False,False,False,False,False,False,False,False,False,False,False,False,True,False,True,False,False,False,True,False,True,False,False,False,False,True,True,building society savings agreement/life insurance,0.1498210028435237,0.18096794658546575,1,0.14982100284352373,0.55,866.5999999999999,0.1498210028435237,71.4091845853087
CR00475,18,1245,4,2,33,1,1,1,1.0,1,2,bens_consumo,True,False,False,False,False,False,True,False,False,False,False,False,False,False,True,False,False,True,True,False,False,True,False,True,False,True,False,False,False,True,car or other,0.3983147004233788,0.3574685452607205,3,1.0,0.5324586377685311,871.5,1.0,464.0377028152748
CR00476,18,3114,1,4,26,1,1,1,1.0,1,1,bens_consumo,False,False,False,True,False,False,False,False,False,False,True,False,False,False,False,False,False,True,False,False,False,True,False,False,True,True,False,False,False,True,building society savings agreement/life insurance,0.8165197326239201,0.99,3,1.0,0.55,2179.7999999999997,1.0,1198.8899999999999
CR00477,39,2569,4,4,24,1,1,0,3.0,3,2,veiculos,False,False,True,False,False,True,False,False,False,False,False,False,False,False,False,True,False,True,True,False,False,True,False,True,False,True,False,False,False,True,car or other,0.13740779534637976,0.18604484399893778,1,0.38145974444885433,0.6675565734480916,1798.3,0.13740779534637976,164.9535219367296
CR00478,24,5152,4,2,25,1,1,0,1.0,1,3,bens_consumo,False,False,True,False,False,False,True,False,False,False,False,False,False,False,False,True,False,True,True,False,False,False,False,True,False,True,False,False,False,True,car or other,0.7876156515717057,0.99,2,0.9548928885426888,0.6984824157037567,3606.3999999999996,0.9548928885426888,2405.381855205264
CR00479,12,1037,3,4,39,1,1,0,1.0,2,3,pessoal,False,False,True,False,False,False,False,False,False,True,False,False,False,False,False,True,False,True,False,True,False,True,False,True,False,False,False,True,False,True,real estate,0.28049529444400023,0.1761359698072139,2,0.28049529444400023,0.38834991987064177,725.9,0.28049529444400023,79.07252300563846
CR00480,15,1478,4,4,44,2,2,0,1.0,1,4,bens_consumo,True,False,False,False,False,False,False,False,False,False,True,False,False,False,False,True,False,True,True,False,False,True,False,True,False,True,False,False,True,True,car or other,0.29273815322307845,0.3171399922986535,2,0.35140247308575845,0.7477524032168876,1034.6,0.35140247308575845,271.85361045985326
CR00481,12,3573,1,1,23,1,1,0,1.0,1,2,bens_consumo,True,False,False,False,False,False,True,False,False,False,False,False,False,False,False,False,False,True,False,True,False,True,False,True,False,False,False,True,False,True,real estate,0.2230008106989195,0.2098078401470307,2,0.22300081069891953,0.37440195414120886,2501.1,0.22300081069891953,208.82168938510398
CR00482,24,1201,4,1,26,1,1,0,1.0,1,1,veiculos,False,False,True,False,True,False,False,False,False,False,False,False,False,False,False,True,False,True,False,False,False,True,False,True,False,True,False,False,False,True,building society savings agreement/life insurance,0.700266867358462,0.7057237547643861,2,0.9101600491968902,0.55,840.6999999999999,0.9101600491968902,420.8443543479041
CR00483,30,3622,4,4,57,2,1,0,1.0,4,4,bens_consumo,False,False,True,False,False,False,False,False,False,False,True,False,False,False,False,False,False,True,False,False,False,True,False,False,True,True,False,False,True,True,building society savings agreement/life insurance,0.6938619775334623,0.6666616339970349,2,0.9481446964056597,0.55,2535.3999999999996,0.9481446964056597,1322.1593347968
CR00484,15,960,3,2,30,2,1,0,3.0,4,3,bens_consumo,False,True,False,False,False,False,False,False,False,False,True,False,False,False,False,False,False,True,False,False,False,True,False,True,False,True,False,False,False,True,building society savings agreement/life insurance,0.1899693603617802,0.1876242285073777,1,0.23153019426598853,0.55,672.0,0.1899693603617802,70.21267558971397
CR00485,12,1163,4,4,44,1,1,0,3.0,3,2,veiculos,True,False,False,False,True,False,False,False,False,False,False,False,False,False,False,True,False,True,False,True,False,True,False,True,False,True,False,False,True,True,real estate,0.06363574779288242,0.039492908528171916,1,0.06363574779288239,0.2768838260194734,814.0999999999999,0.06363574779288242,14.344205357821934
CR00486,6,1209,4,4,47,1,1,1,1.0,1,0,veiculos,False,True,False,False,True,False,False,False,False,False,False,False,False,False,False,True,False,True,False,False,False,True,False,True,False,False,False,False,True,True,building society savings agreement/life insurance,0.5687490188502013,0.7374297968007579,3,1.0,0.55,846.3,1.0,465.46500000000003
CR00487,12,3077,2,4,52,1,1,0,3.0,1,2,bens_consumo,False,False,True,False,False,False,True,False,False,False,False,False,False,False,False,True,False,True,True,False,False,True,False,True,False,True,False,False,True,True,car or other,0.06558203580720003,0.09680196954065595,1,0.06558203580720001,0.656345181134687,2153.8999999999996,0.06558203580720003,92.7134476851423
CR00488,24,3757,4,4,62,1,1,0,3.0,1,4,veiculos,False,False,True,False,True,False,False,False,False,False,False,False,False,False,False,False,False,False,False,False,True,True,False,False,False,True,False,False,True,True,unknown/no property,0.46900972829719156,0.6040236954182223,2,0.7180493313569777,0.7650414730956475,2629.8999999999996,0.7180493313569777,1444.7027391580648
CR00489,10,1418,3,2,35,1,1,0,3.0,2,2,veiculos,False,False,True,False,True,False,False,False,False,False,False,False,False,False,False,True,False,True,False,True,False,True,False,False,True,False,False,True,False,False,real estate,0.07007594567359529,0.09783250116292666,1,0.07007594567359532,0.3507464933180339,992.5999999999999,0.07007594567359529,24.397008408597504
CR00490,6,3518,2,3,26,1,1,0,3.0,1,2,veiculos,False,False,True,False,True,False,False,False,False,False,False,False,False,False,False,True,True,False,False,False,False,True,False,False,True,True,False,False,False,True,building society savings agreement/life insurance,0.16472168711210428,0.13666282923248302,1,0.16472168711210422,0.55,2462.6,0.16472168711210428,223.1039946752474
CR00491,12,1934,2,2,26,2,1,0,3.0,1,4,bens_consumo,True,False,False,False,False,False,True,False,False,False,False,False,False,False,False,True,False,True,False,False,True,True,False,True,False,True,False,False,False,True,unknown/no property,0.07930698615616519,0.06460111496655861,1,0.07930698615616516,0.5082561927770938,1353.8,0.07930698615616519,54.569331653892135
CR00492,27,8318,2,4,42,2,1,1,1.0,1,4,pessoal,False,False,False,True,False,False,False,False,False,True,False,False,False,False,False,False,False,True,False,False,True,True,False,False,False,False,False,False,True,True,unknown/no property,0.8562329168322974,0.99,3,1.0,0.49507701732142356,5822.599999999999,1.0,2882.6354410557205
CR00493,6,1237,1,1,27,2,1,0,3.0,2,2,bens_consumo,True,False,False,False,False,False,True,False,False,False,False,False,False,False,False,False,False,True,False,False,False,True,False,True,False,True,False,False,False,True,building society savings agreement/life insurance,0.04804243300993182,0.0680126410400734,1,0.04804243300993183,0.55,865.9,0.04804243300993182,22.879968508814983
CR00494,6,368,4,4,38,1,1,0,1.0,0,4,bens_consumo,False,False,True,False,False,False,True,False,False,False,False,False,False,False,False,True,False,True,False,False,False,True,False,True,False,True,False,False,False,True,building society savings agreement/life insurance,0.31667576060592173,0.34604802863297346,2,0.31667576060592173,0.55,257.59999999999997,0.31667576060592173,44.86662176264699
CR00495,12,2122,3,2,39,2,2,0,1.0,1,2,veiculos,True,False,False,False,True,False,False,False,False,False,False,False,False,False,False,True,False,True,False,True,False,True,False,False,True,False,False,True,False,False,real estate,0.2426041965619751,0.17134007515526392,2,0.24260419656197507,0.2603450566163717,1485.3999999999999,0.24260419656197507,93.81905720592141
CR00496,24,2996,2,4,20,1,1,1,1.0,0,2,bens_consumo,False,False,True,False,False,False,False,False,False,False,True,False,False,False,True,False,False,True,True,False,False,True,False,True,False,True,False,False,False,True,car or other,0.637888504385877,0.99,3,1.0,0.7470891224482559,2097.2,1.0,1566.7953075984822
CR00497,36,9034,4,1,29,1,1,1,1.0,2,1,bens_consumo,False,False,True,False,False,False,False,False,False,False,True,False,False,False,False,True,False,False,False,False,True,True,False,False,True,False,False,False,True,True,unknown/no property,0.9477309891013945,0.8308206962825238,3,1.0,0.5766944193011467,6323.799999999999,1.0,3646.9001687765913
CR00498,24,1585,4,3,40,2,1,0,3.0,1,3,bens_consumo,True,False,False,False,False,False,False,False,False,False,True,False,False,False,False,True,False,True,False,False,False,True,False,True,False,True,False,False,False,True,building society savings agreement/life insurance,0.12356118704706368,0.1616890880975499,1,0.2318550071496478,0.55,1109.5,0.12356118704706368,75.40012536579444
CR00499,18,1301,4,2,32,1,1,0,1.0,1,4,bens_consumo,False,False,True,False,False,False,True,False,False,False,False,False,False,False,True,False,True,False,False,True,False,True,False,True,False,False,False,True,False,True,real estate,0.3632787716337105,0.28008096408778643,2,0.49192948242595946,0.19861037921579142,910.6999999999999,0.49192948242595946,88.97748556809992
CR00500,6,1323,2,4,28,2,2,0,1.0,2,4,veiculos,True,False,False,False,True,False,False,False,False,False,False,False,False,True,False,False,False,True,True,False,False,True,False,True,False,True,False,False,True,True,car or other,0.41210274809078085,0.5395598378325317,2,0.41210274809078085,0.5880334995569211,926.0999999999999,0.41210274809078085,224.42201779483318
CR00501,24,3123,4,1,27,1,1,1,1.0,1,1,veiculos,False,False,True,False,True,False,False,False,False,False,False,False,False,False,False,False,False,True,False,False,False,True,False,True,False,True,False,False,False,True,building society savings agreement/life insurance,0.8290286495638926,0.8903446816697159,3,1.0,0.55,2186.1,1.0,1202.355
CR00502,36,5493,2,4,42,1,2,0,1.0,1,4,veiculos,False,False,True,False,False,True,False,False,False,False,False,False,False,False,False,True,False,True,False,False,True,True,False,False,False,True,False,False,False,True,unknown/no property,0.4393776176852368,0.6402949921882412,2,0.8237978117128122,0.563324161660417,3845.1,0.8237978117128122,1784.377145356965
CR00503,9,1126,2,4,49,1,1,0,1.0,2,4,bens_consumo,False,False,True,False,False,False,True,False,False,False,False,False,False,True,False,False,False,True,False,True,False,True,False,True,False,True,False,False,False,True,real estate,0.3402257330963959,0.4343817608777269,2,0.3402257330963959,0.390280543585445,788.1999999999999,0.3402257330963959,104.65994213184985
CR00504,24,1216,4,4,38,2,2,1,1.0,2,1,bens_consumo,True,False,False,False,False,False,True,False,False,False,False,False,False,False,False,True,False,True,False,False,True,False,False,True,False,True,False,False,False,True,unknown/no property,0.8143150599787988,0.5758732313010123,3,1.0,0.749296199544138,851.1999999999999,1.0,637.8009250519701
CR00505,24,1207,4,4,24,1,1,1,1.0,1,1,veiculos,False,False,True,False,True,False,False,False,False,False,False,False,False,False,False,False,False,True,False,False,False,True,False,False,True,True,False,False,False,True,building society savings agreement/life insurance,0.8641266102628505,0.7038565887550328,3,1.0,0.55,844.9,1.0,464.69500000000005
CR00506,10,1309,4,4,27,1,1,1,3.0,0,2,veiculos,False,False,True,False,True,False,False,False,False,False,False,False,False,False,False,True,True,False,False,False,False,True,False,True,False,False,False,True,False,True,building society savings agreement/life insurance,0.1910329143675795,0.21121208646382864,3,1.0,0.55,916.3,1.0,503.96500000000003
CR00507,15,2360,2,2,36,1,1,0,1.0,3,2,veiculos,True,False,False,False,False,True,False,False,False,False,False,False,False,False,False,True,False,True,True,False,False,True,False,True,False,True,False,False,True,True,car or other,0.06344771907735658,0.07886671988920102,1,0.07867038260492898,0.8298138413217985,1652.0,0.06344771907735658,86.97746215061593
CR00508,15,6850,1,2,34,1,2,1,1.0,2,0,veiculos,False,False,False,False,True,False,False,False,False,False,False,False,False,False,False,True,False,True,False,False,False,True,False,True,False,False,False,False,True,True,building society savings agreement/life insurance,0.6636428919686318,0.99,3,1.0,0.55,4795.0,1.0,2637.25
CR00509,24,1413,4,2,28,1,1,0,3.0,1,2,bens_consumo,False,False,True,False,False,False,True,False,False,False,False,False,False,False,True,False,False,True,False,False,False,True,False,True,False,True,False,False,False,True,building society savings agreement/life insurance,0.2601828878872425,0.28709092477874726,2,0.4526706406251396,0.55,989.0999999999999,0.4526706406251396,246.25509185327908
CR00510,39,8588,4,2,45,1,1,0,3.0,2,4,veiculos,False,False,True,False,False,True,False,False,False,False,False,False,False,False,False,True,False,True,True,False,False,True,False,True,False,False,False,False,True,True,car or other,0.13728337703737928,0.1383481104261116,1,0.38116974273389437,0.3830013089174301,6011.599999999999,0.13728337703737928,316.08820325946385
CR00511,12,759,4,2,26,1,1,1,1.0,1,3,veiculos,False,False,True,False,True,False,False,False,False,False,False,False,False,False,False,True,False,True,False,True,False,True,False,True,False,True,False,False,False,True,real estate,0.5011185233913676,0.5117602410686671,3,1.0,0.24041395377832625,531.3,1.0,127.73193364242472
CR00512,36,4686,2,2,32,1,1,0,3.0,1,2,veiculos,False,False,True,False,False,True,False,False,False,False,False,False,False,False,False,True,False,True,False,False,True,True,False,False,False,False,False,False,True,True,unknown/no property,0.11833406971856748,0.12114155111108112,1,0.3146503792921054,0.5861146591308617,3280.2,0.11833406971856748,227.50592349885116
CR00513,15,2687,2,4,26,1,1,0,1.0,1,3,pessoal,False,False,True,False,False,False,False,False,False,True,False,False,False,False,False,True,False,True,False,False,False,True,False,False,True,True,False,False,True,True,building society savings agreement/life insurance,0.3567070611429924,0.4721833175023826,2,0.4238826153938262,0.55,1880.8999999999999,0.4238826153938262,438.50444621183624
CR00514,12,585,4,4,20,2,1,0,1.0,1,2,bens_consumo,False,True,False,False,False,False,True,False,False,False,False,False,False,False,True,False,False,False,False,True,False,True,False,False,True,True,False,False,False,True,real estate,0.7501096204585818,0.7626413190765995,2,0.7501096204585818,0.16699779155497912,409.5,0.7501096204585818,51.2966931916776
CR00515,24,2255,4,1,54,1,1,0,3.0,0,1,veiculos,False,False,True,False,True,False,False,False,False,False,False,False,False,False,False,True,False,True,False,False,False,True,False,True,False,True,False,False,False,True,building society savings agreement/life insurance,0.3269767464029074,0.3301534021123067,2,0.5470397001175836,0.55,1578.5,0.5470397001175836,474.9261916495832
CR00516,6,609,4,3,37,2,1,0,1.0,1,3,veiculos,True,False,False,False,True,False,False,False,False,False,False,False,False,False,False,False,False,True,False,False,False,True,False,True,False,True,False,False,False,False,building society savings agreement/life insurance,0.21513126051620654,0.15580540837634327,2,0.21513126051620657,0.55,426.29999999999995,0.21513126051620657,50.44075099693237
CR00517,6,1361,2,4,40,1,2,0,1.0,1,1,veiculos,True,False,False,False,True,False,False,False,False,False,False,False,False,False,False,True,False,True,False,True,False,True,False,True,False,False,False,True,False,False,real estate,0.10670684354205133,0.06691357964905112,1,0.10670684354205129,0.25080871450620035,952.6999999999999,0.10670684354205133,25.49711606180238
CR00518,36,7127,2,4,23,2,1,1,3.0,1,1,bens_consumo,True,False,False,False,False,False,False,False,False,False,True,False,False,False,False,False,False,True,False,False,False,True,False,False,True,True,False,False,True,True,building society savings agreement/life insurance,0.3639347753847081,0.37661442540578255,3,1.0,0.55,4988.9,1.0,2743.895
CR00519,6,1203,3,2,43,1,1,0,1.0,2,4,veiculos,False,False,True,False,True,False,False,False,False,False,False,False,False,False,False,True,False,True,False,False,False,True,False,True,False,True,False,False,True,True,building society savings agreement/life insurance,0.28389197236196,0.3438378825336735,2,0.28389197236195995,0.55,842.0999999999999,0.28389197236195995,131.48598645930358
CR00520,6,700,4,4,36,2,1,0,3.0,0,4,bens_consumo,True,False,False,False,False,False,True,False,False,False,False,False,False,False,False,True,False,True,False,False,True,True,False,False,False,True,False,False,False,True,unknown/no property,0.08863674348860248,0.09008845456253754,1,0.08863674348860251,0.4661196330783715,489.99999999999994,0.08863674348860248,20.24450991256287
CR00521,24,5507,3,4,44,2,1,0,3.0,1,4,pessoal,True,False,False,False,False,False,False,True,False,False,False,False,False,False,False,True,False,True,False,False,True,True,False,False,False,True,False,False,False,True,unknown/no property,0.2781577080220649,0.3237894849124536,2,0.4789437055120416,0.5354122655865999,3854.8999999999996,0.4789437055120416,988.5210060969149
CR00522,18,3190,2,2,24,1,1,1,1.0,1,2,bens_consumo,False,False,True,False,False,False,True,False,False,False,False,False,False,False,False,False,False,True,False,True,False,True,False,True,False,True,False,False,False,True,real estate,0.46859757704413507,0.5641684117787293,3,1.0,0.4023895150309513,2233.0,1.0,898.5357870641142
CR00523,48,7119,3,4,53,2,2,1,1.0,1,2,bens_consumo,False,False,False,True,False,False,False,False,False,False,True,False,False,False,False,True,False,True,False,False,True,True,False,False,False,True,False,False,False,True,unknown/no property,0.9489624590157051,0.9629791662440601,3,1.0,0.6917086758773108,4983.299999999999,1.0,3446.9918444994023
CR00524,24,3488,3,4,23,1,1,0,3.0,2,3,veiculos,False,False,True,False,False,True,False,False,False,False,False,False,False,False,False,False,False,True,True,False,False,True,False,True,False,True,False,False,False,True,car or other,0.12292035154709159,0.159550853959931,1,0.2307312902697226,0.35881189042751677,2441.6,0.12292035154709159,107.68746070786656
CR00525,18,1113,4,4,26,1,2,0,1.0,1,2,bens_consumo,False,False,True,False,False,False,True,False,False,False,False,False,False,False,False,False,True,False,False,True,False,True,False,True,False,False,False,True,False,True,real estate,0.5347048151047563,0.4595226160323159,2,0.6826102937401032,0.2530335768944962,779.0999999999999,0.6826102937401032,134.56874192322252
CR00526,26,7966,2,3,30,2,1,0,1.0,1,1,veiculos,False,False,True,False,False,True,False,False,False,False,False,False,False,False,False,True,False,True,True,False,False,True,False,True,False,True,False,False,False,True,car or other,0.48547303435249056,0.4982503350127363,2,0.7630167573309953,0.6654991125221056,5576.2,0.7630167573309953,2831.5217291210542
CR00527,15,1532,4,3,31,1,1,0,3.0,2,2,pessoal,True,False,False,False,False,False,False,False,False,False,False,False,True,False,False,False,False,True,True,False,False,True,False,True,False,True,False,False,False,True,car or other,0.3621349962935921,0.34019363953414633,2,0.42995259999285385,0.48572519838066336,1072.3999999999999,0.42995259999285385,223.95874190923962
CR00528,4,1503,2,1,42,2,2,0,3.0,1,3,bens_consumo,True,False,False,False,False,False,True,False,False,False,False,False,False,False,False,True,False,True,False,True,False,True,False,True,False,False,False,True,False,True,real estate,0.03547599576920392,0.03713616531932328,1,0.035475995769203905,0.22946328226038715,1052.1,0.03547599576920392,8.564555272894374
CR00529,36,2302,4,4,31,1,1,1,1.0,1,2,bens_consumo,False,False,True,False,False,False,True,False,False,False,False,False,False,True,False,False,False,True,True,False,False,True,False,False,True,True,False,False,False,True,car or other,0.8718732514705904,0.99,3,1.0,0.8554394368021395,1611.3999999999999,1.0,1378.4551084629675
CR00530,6,662,3,4,41,1,2,0,1.0,1,1,veiculos,False,False,True,False,True,False,False,False,False,False,False,False,False,False,False,True,False,True,False,True,False,True,False,True,False,False,False,True,True,True,real estate,0.4410791231506663,0.559036164954124,2,0.44107912315066633,0.382845294658812,463.4,0.44107912315066633,78.25207198777454
CR00531,36,2273,3,1,32,2,2,0,1.0,1,3,pessoal,False,False,True,False,False,False,False,False,False,False,False,False,True,False,False,True,False,True,True,False,False,True,False,True,False,True,False,False,False,True,car or other,0.8611082024316682,0.9137336962881648,2,0.9973206478566751,0.562005540754185,1591.1,0.9973206478566751,891.8111204093719
CR00532,15,2631,2,4,28,2,1,1,1.0,2,2,veiculos,False,False,True,False,True,False,False,False,False,False,False,False,False,False,False,False,False,True,True,False,False,True,False,False,True,True,False,False,True,True,car or other,0.6915823528193965,0.7932768844292546,3,1.0,0.7805217328660303,1841.6999999999998,1.0,1437.4868754193678
CR00533,12,1503,4,4,41,1,1,0,3.0,1,2,veiculos,False,True,False,False,False,True,False,False,False,False,False,False,False,False,True,False,False,True,False,True,False,True,False,False,True,True,False,False,False,True,real estate,0.13488732969550488,0.12722593247931535,1,0.13488732969550488,0.4611412719902199,1052.1,0.13488732969550488,65.44284497176815
CR00534,24,1311,4,3,26,1,1,0,3.0,2,3,bens_consumo,False,False,True,False,False,False,True,False,False,False,False,False,False,False,True,False,False,True,False,False,False,True,False,True,False,True,False,False,True,True,building society savings agreement/life insurance,0.16646916028004316,0.16665369796567828,1,0.3052263392357437,0.55,917.6999999999999,0.16646916028004316,84.02281161394758
CR00535,24,3105,4,2,25,2,1,0,3.0,0,1,bens_consumo,False,False,True,False,False,False,True,False,False,False,False,False,False,False,False,True,False,True,True,False,False,True,False,True,False,True,False,False,False,True,car or other,0.316344906995411,0.44470439617280694,2,0.5326157138088867,0.7246222229118832,2173.5,0.5326157138088867,838.8518541593918
CR00536,21,2319,2,1,33,1,1,1,1.0,1,1,pessoal,True,False,False,False,False,False,False,False,False,False,False,False,True,True,False,False,False,True,True,False,False,True,False,False,True,True,False,False,False,True,car or other,0.8489659013582634,0.8348388375897121,3,1.0,0.424323352870689,1623.3,1.0,688.8040987149894
CR00537,6,1374,4,3,75,1,1,0,1.0,0,0,veiculos,False,False,True,False,True,False,False,False,False,False,False,False,False,False,False,False,False,True,False,False,False,True,False,True,False,False,False,False,True,True,building society savings agreement/life insurance,0.6526535461290042,0.9130234232621955,2,0.6526535461290042,0.55,961.8,0.6526535461290042,345.24719936678196
CR00538,18,3612,3,4,37,1,1,0,1.0,1,4,bens_consumo,True,False,False,False,False,False,False,False,False,False,True,False,False,False,False,False,False,True,False,False,False,True,False,True,False,True,False,False,True,True,building society savings agreement/life insurance,0.313464373554262,0.3656969990285953,2,0.43115411790751856,0.55,2528.3999999999996,0.43115411790751856,599.5715394445534
CR00539,48,7763,4,4,42,1,1,1,1.0,1,4,veiculos,False,False,True,False,True,False,False,False,False,False,False,False,False,False,False,True,False,True,False,False,True,False,False,False,False,False,False,False,False,True,unknown/no property,0.9560265832353809,0.99,3,1.0,0.8003389555989823,5434.099999999999,1.0,4349.121918620429
CR00540,18,3049,1,1,45,1,1,0,1.0,1,1,bens_consumo,False,False,True,False,False,False,False,False,False,False,True,False,False,False,False,False,False,True,False,False,False,False,True,True,False,False,False,True,False,True,building society savings agreement/life insurance,0.6108455586897746,0.99,2,0.7572367254306788,0.55,2134.2999999999997,0.7572367254306788,888.8936886976837
CR00541,12,1534,1,1,23,1,1,1,1.0,1,1,bens_consumo,False,False,True,False,False,False,True,False,False,False,False,False,False,False,True,False,False,True,False,True,False,True,False,False,True,True,False,False,False,True,real estate,0.43703181158601156,0.4271473885302817,3,1.0,0.3659913924851915,1073.8,1.0,393.00155725059864
CR00542,24,2032,4,4,60,2,1,0,3.0,1,4,veiculos,False,True,False,False,True,False,False,False,False,False,False,False,False,False,False,True,False,True,False,False,True,True,False,False,False,True,False,False,True,True,unknown/no property,0.2812406275288763,0.270822815903051,2,0.4833849644849165,0.6009169883185496,1422.3999999999999,0.4833849644849165,413.17055478951414
CR00543,30,6350,4,4,31,1,1,1,1.0,0,4,bens_consumo,False,False,True,False,False,False,False,False,False,False,True,False,False,False,False,True,False,True,False,False,False,True,False,True,False,True,False,False,False,True,building society savings agreement/life insurance,0.6982776527057841,0.7264160013029327,3,1.0,0.55,4445.0,1.0,2444.75
CR00544,18,2864,2,1,34,1,2,1,1.0,1,2,bens_consumo,False,False,True,False,False,False,False,False,False,False,True,False,False,False,False,True,False,True,False,True,False,True,False,True,False,False,False,True,False,True,real estate,0.4514072773025759,0.501924296230906,3,1.0,0.22127993528117781,2004.8,1.0,443.62201425170525
CR00545,12,1255,4,4,61,2,1,0,3.0,1,4,veiculos,True,False,False,False,True,False,False,False,False,False,False,False,False,False,False,True,False,True,False,True,False,True,False,True,False,False,False,True,False,True,real estate,0.08446988014520102,0.09273963450295582,1,0.08446988014520107,0.2395227794939429,878.5,0.08446988014520102,17.77421652807707
CR00546,24,1333,4,2,43,2,2,1,1.0,1,0,veiculos,False,True,False,False,True,False,False,False,False,False,False,False,False,False,False,True,False,True,False,True,False,True,False,False,False,True,False,False,False,True,real estate,0.7234833280177552,0.9235383905134901,3,1.0,0.27094385672965543,933.0999999999999,1.0,252.81771271444146
CR00547,24,2022,4,4,37,1,1,0,3.0,1,2,veiculos,True,False,False,False,True,False,False,False,False,False,False,False,False,False,False,False,False,True,True,False,False,True,False,True,False,True,False,False,True,True,car or other,0.20026664922145546,0.21423527288109637,2,0.36042656765252135,0.6980897213586392,1415.3999999999999,0.36042656765252135,356.12891032153414
CR00548,24,1552,3,1,32,1,2,0,3.0,1,3,bens_consumo,False,False,True,False,False,False,True,False,False,False,False,False,False,False,False,True,False,True,True,False,False,False,False,True,False,True,False,False,False,True,car or other,0.3013581680822195,0.3460047265137583,2,0.5118995906945678,0.5983221878456443,1086.3999999999999,0.5118995906945678,332.7435513581913
CR00549,12,626,4,4,24,1,1,1,1.0,1,2,bens_consumo,False,False,False,False,False,False,True,False,False,False,False,False,False,False,False,False,False,True,False,True,False,False,False,True,False,False,False,True,False,True,real estate,0.7950654632524026,0.7770487632827966,3,1.0,0.2801882853004854,438.2,1.0,122.7785066186727
CR00550,48,8858,2,1,35,2,1,0,3.0,0,3,veiculos,True,False,False,False,False,True,False,False,False,False,False,False,False,False,False,True,False,True,False,False,True,True,False,False,False,True,False,False,True,True,unknown/no property,0.12184725990724254,0.164646757407756,1,0.4053242305587368,0.5988950169696009,6200.599999999999,0.12184725990724254,452.4808283271277
CR00551,12,996,4,4,23,2,1,0,3.0,0,3,pessoal,True,False,False,False,False,False,False,True,False,False,False,False,False,False,False,False,False,True,False,True,False,True,False,True,False,True,False,False,False,True,real estate,0.23136466561281666,0.2181313987008786,2,0.23136466561281666,0.2898999015372744,697.1999999999999,0.23136466561281666,46.76301238366697
CR00552,6,1750,2,4,45,1,2,0,3.0,3,4,bens_consumo,False,False,False,False,False,False,True,False,False,False,False,False,False,False,False,True,False,True,False,False,False,False,False,True,False,False,False,True,False,True,building society savings agreement/life insurance,0.16707796409661935,0.16120161215504425,1,0.16707796409661935,0.55,1225.0,0.16707796409661935,112.56877831009729
CR00553,48,6999,1,1,34,2,1,1,1.0,1,3,bens_consumo,False,False,True,False,False,False,True,False,False,False,False,False,False,False,True,False,True,False,False,True,False,True,False,True,False,True,False,False,True,True,real estate,0.461994878350637,0.4786379725628239,3,1.0,0.4339345071369369,4899.299999999999,1.0,2125.9753308159943
CR00554,12,1995,4,1,27,1,1,0,1.0,2,1,veiculos,True,False,False,False,True,False,False,False,False,False,False,False,False,False,False,True,False,True,True,False,False,True,False,True,False,True,False,False,False,True,car or other,0.4597722748405144,0.5131316900511149,2,0.4597722748405144,0.4963291192701366,1396.5,0.4597722748405144,318.6790212421601
CR00555,9,1199,4,4,67,2,1,0,1.0,1,3,pessoal,False,False,True,False,False,False,False,False,False,False,False,False,True,False,False,False,False,True,False,False,False,True,False,True,False,False,False,False,True,True,building society savings agreement/life insurance,0.7659326753110045,0.6671462595226466,2,0.7659326753110045,0.55,839.3,0.7659326753110045,353.56601191368935
CR00556,12,1331,2,1,22,1,1,1,1.0,1,1,bens_consumo,False,False,True,False,False,False,True,False,False,False,False,False,False,False,False,True,False,True,True,False,False,False,True,True,False,True,False,False,False,True,car or other,0.4407123665801552,0.668170151805951,3,1.0,0.5230173284341828,931.6999999999999,1.0,487.2952449021281
CR00557,18,2278,3,3,28,2,1,1,1.0,2,1,veiculos,False,False,False,True,True,False,False,False,False,False,False,False,False,False,False,False,False,True,True,False,False,True,False,True,False,True,False,False,False,True,car or other,0.8875046107898374,0.7910019097043478,3,1.0,0.5688149281107319,1594.6,1.0,907.032284365373
CR00558,21,5003,1,4,29,2,1,1,3.0,0,2,veiculos,False,False,False,True,True,False,False,False,False,False,False,False,False,False,False,False,False,True,False,False,False,False,False,True,False,True,False,False,True,True,building society savings agreement/life insurance,0.6976746849088717,0.6565465254157873,3,1.0,0.55,3502.1,1.0,1926.1550000000002
CR00559,24,3552,3,4,27,1,1,1,1.0,1,3,bens_consumo,False,False,False,False,False,False,False,False,False,False,True,False,False,False,False,True,False,True,True,False,False,False,False,True,False,True,False,False,False,True,car or other,0.8022791490539535,0.7474089862479393,3,1.0,0.5948625345973491,2486.3999999999996,1.0,1479.0662060228485
CR00560,18,1928,2,2,31,2,1,1,1.0,1,1,bens_consumo,True,False,False,False,False,False,False,False,False,False,True,False,False,False,False,True,False,True,False,True,False,True,False,True,False,False,False,True,False,True,real estate,0.2986584308589463,0.27136706846807107,3,1.0,0.2010263421162157,1349.6,1.0,271.3051513200447
CR00561,24,2964,4,4,49,1,2,0,1.0,0,4,veiculos,False,False,True,False,False,True,False,False,False,False,False,False,False,False,False,True,False,True,False,False,True,False,False,False,False,True,False,False,True,True,unknown/no property,0.6052543712392966,0.7126995332793022,2,0.8441758885743169,0.6560603410894881,2074.7999999999997,0.8441758885743169,1149.0871508357154
CR00562,24,1546,4,4,24,1,1,1,1.0,1,3,bens_consumo,False,False,False,False,False,False,True,False,False,False,False,False,False,False,False,True,True,False,True,False,False,False,False,False,True,False,False,True,False,True,car or other,0.7794115338717525,0.8316437847138782,3,1.0,0.6840221812702187,1082.1999999999998,1.0,740.2488045706306
CR00563,6,683,2,1,29,1,1,0,1.0,1,1,bens_consumo,False,True,False,False,False,False,True,False,False,False,False,False,False,False,False,False,False,True,False,False,False,False,False,True,False,True,False,False,False,True,building society savings agreement/life insurance,0.6347109560192887,0.541262906677701,2,0.6347109560192887,0.55,478.09999999999997,0.6347109560192887,166.90041944005208
CR00564,36,12389,1,4,37,1,1,1,1.0,0,2,veiculos,False,False,True,False,True,False,False,False,False,False,False,False,False,False,False,True,False,True,False,False,True,True,False,False,False,True,False,False,True,True,unknown/no property,0.8243964579924722,0.7402527941066092,3,1.0,0.7980250745659935,8672.3,1.0,6920.712854158664
CR00565,24,4712,4,2,37,2,1,0,1.0,0,2,pessoal,False,True,False,False,False,False,False,False,False,True,False,False,False,False,False,True,False,True,False,False,False,False,False,True,False,False,False,False,True,True,building society savings agreement/life insurance,0.8104027229958297,0.7695863183887836,2,0.964052872552604,0.55,3298.3999999999996,0.964052872552604,1748.9075971551297
CR00566,24,1553,3,2,23,2,1,0,1.0,2,3,bens_consumo,False,True,False,False,False,False,True,False,False,False,False,False,False,False,False,False,False,True,False,False,False,True,False,False,True,True,False,False,True,True,building society savings agreement/life insurance,0.601270339824208,0.877980787570138,2,0.8410146580960974,0.55,1087.1,0.8410146580960974,502.8468691489472
CR00567,12,1372,2,3,36,1,1,1,1.0,1,3,veiculos,False,False,True,False,True,False,False,False,False,False,False,False,False,True,False,False,False,True,True,False,False,True,False,True,False,True,False,False,False,True,car or other,0.6454919605874543,0.564274579964968,3,1.0,0.5032200756538896,960.4,1.0,483.2925606579956
CR00568,24,2578,2,2,34,1,1,0,3.0,4,4,bens_consumo,True,False,False,False,False,False,True,False,False,False,False,False,False,False,False,True,False,True,True,False,False,True,False,True,False,True,False,False,False,True,car or other,0.033665918162286236,0.02513140469490271,1,0.06619844227886273,0.45021558270533146,1804.6,0.033665918162286236,27.35217956936728
CR00569,48,3979,4,1,41,2,2,0,1.0,0,3,bens_consumo,False,False,True,False,False,False,True,False,False,False,False,False,False,False,False,True,False,True,True,False,False,True,False,True,False,True,False,False,True,True,car or other,0.7040536955684006,0.5469934085152122,2,0.9923290052641396,0.7362676716502383,2785.2999999999997,0.9923290052641396,2034.9952348437228
CR00570,48,6758,3,2,31,1,1,1,1.0,1,2,bens_consumo,False,False,True,False,False,False,True,False,False,False,False,False,False,False,False,False,False,True,True,False,False,True,False,True,False,True,False,False,True,True,car or other,0.7546620635647455,0.71180253817749,3,1.0,0.7996875953329429,4730.599999999999,1.0,3783.0021384820193
CR00571,24,3234,4,4,23,1,1,1,1.0,1,1,bens_consumo,False,False,True,False,False,False,False,False,False,False,True,False,False,False,False,False,False,True,False,True,False,True,False,False,True,False,False,True,True,True,real estate,0.785259416686608,0.99,3,1.0,0.40061357922618546,2263.7999999999997,1.0,906.9090206522385
CR00572,30,5954,3,2,38,1,1,0,3.0,1,3,bens_consumo,True,False,False,False,False,False,True,False,False,False,False,False,False,False,False,True,False,False,True,False,False,True,False,True,False,True,False,False,False,True,car or other,0.14832456752318018,0.11718650117779371,1,0.33060062998386175,0.7349619715495143,4167.8,0.14832456752318018,454.3440337057261
CR00573,24,5433,2,4,26,1,1,0,3.0,0,0,veiculos,False,False,True,False,False,True,False,False,False,False,False,False,False,False,False,False,False,True,False,False,False,True,False,False,True,False,False,False,True,True,building society savings agreement/life insurance,0.22477269184104307,0.23320159457311507,2,0.3990226206846177,0.55,3803.1,0.3990226206846177,834.6376107991183
CR00574,15,806,4,4,22,1,1,0,1.0,1,2,pessoal,False,False,True,False,False,False,False,False,False,True,False,False,False,False,False,False,False,True,False,False,False,True,False,True,False,False,False,True,False,True,building society savings agreement/life insurance,0.6201018698746115,0.99,2,0.7017476014695636,0.55,564.1999999999999,0.7017476014695636,217.75929821202027
CR00575,9,1082,4,4,27,2,1,0,1.0,1,4,bens_consumo,False,False,True,False,False,False,True,False,False,False,False,False,False,False,False,True,False,True,True,False,False,True,False,True,False,False,False,True,False,True,car or other,0.42069161638907027,0.38283275081251256,2,0.42069161638907027,0.5664922492351064,757.4,0.42069161638907027,180.50246219796693
CR00576,15,2788,2,3,24,2,1,0,3.0,1,3,bens_consumo,True,False,False,False,False,False,False,False,False,False,True,False,False,False,False,False,False,False,True,False,False,False,False,True,False,True,False,False,False,True,car or other,0.3281345868523647,0.47649955812678246,2,0.3917209543932525,0.5490415700456923,1951.6,0.3917209543932525,419.7327349892551
CR00577,12,2930,2,1,27,1,1,0,1.0,1,3,bens_consumo,False,False,True,False,False,False,True,False,False,False,False,False,False,False,False,False,False,True,False,True,False,True,False,True,False,True,False,False,False,True,real estate,0.37514417657494975,0.5187492200344471,2,0.3751441765749497,0.5413253064334248,2051.0,0.3751441765749497,416.5068995356975
CR00578,24,1927,3,2,33,2,1,0,3.0,0,2,pessoal,True,False,False,False,False,False,False,False,False,False,False,False,True,False,False,False,False,True,True,False,False,True,False,True,False,True,False,False,True,True,car or other,0.3532584211375468,0.4140304754874209,2,0.5817253301705012,0.565173791695283,1348.8999999999999,0.5817253301705012,443.48582577819553
CR00579,36,2820,4,4,27,2,1,1,1.0,1,1,veiculos,True,False,False,False,True,False,False,False,False,False,False,False,False,True,False,False,False,True,True,False,False,True,False,True,False,True,False,False,False,True,car or other,0.8649268408808395,0.6292301775859274,3,1.0,0.7935554120059426,1973.9999999999998,1.0,1566.4783832997305
CR00580,24,937,4,3,27,2,1,0,3.0,1,1,pj_capital_giro,False,False,True,False,False,False,False,False,False,False,False,False,False,False,True,False,False,True,True,False,False,True,False,True,False,False,False,True,False,True,car or other,0.3108411999592729,0.3410378640040144,2,0.525060148326425,0.5673116859433172,655.9,0.525060148326425,195.3747419516784
CR00581,18,1056,3,3,30,2,1,1,1.0,1,4,veiculos,True,False,False,False,True,False,False,False,False,False,False,False,False,False,False,True,True,False,False,True,False,False,False,True,False,True,False,False,False,True,real estate,0.41311325744127747,0.38605270034049427,3,1.0,0.2617256180197172,739.1999999999999,1.0,193.46757684017496
CR00582,12,3124,1,3,49,2,2,0,1.0,1,1,veiculos,True,False,False,False,True,False,False,False,False,False,False,False,False,False,False,True,False,True,False,True,False,False,False,True,False,False,False,True,False,True,real estate,0.5526205251044237,0.3569799306915234,2,0.5526205251044237,0.4139578097854846,2186.7999999999997,0.5526205251044237,500.2558279871751
CR00583,9,1388,4,2,26,1,1,0,3.0,1,2,bens_consumo,False,False,True,False,False,False,False,False,False,False,True,False,False,False,False,False,False,True,False,True,False,True,False,False,True,True,False,False,False,True,real estate,0.3120688274744879,0.20949844642379936,2,0.31206882747448783,0.31425215803174683,971.5999999999999,0.31206882747448783,95.28316269762712
CR00584,36,2384,4,1,33,1,1,1,1.0,1,1,pessoal,False,False,True,False,False,False,False,True,False,False,False,False,False,False,False,True,False,True,False,False,True,True,False,False,True,False,False,True,False,True,unknown/no property,0.9342258529210907,0.95867926873944,3,1.0,0.5296642856373057,1668.8,1.0,883.9037598715357
CR00585,12,2133,4,4,52,1,1,0,3.0,0,4,veiculos,False,False,True,False,True,False,False,False,False,False,False,False,False,False,False,False,False,True,False,False,True,True,False,False,False,False,False,False,True,True,unknown/no property,0.3251137987066621,0.3453490091537227,2,0.3251137987066621,0.5560310806424685,1493.1,0.3251137987066621,269.91272893986115
CR00586,18,2039,1,4,20,1,1,1,1.0,1,2,bens_consumo,False,False,True,False,False,False,False,False,False,False,True,False,False,False,False,False,False,True,False,True,False,False,False,False,True,True,False,False,False,True,real estate,0.7547225950574374,0.99,3,1.0,0.37309617368384895,1427.3,1.0,532.5201686989576
CR00587,9,2799,2,2,36,2,2,0,1.0,1,2,veiculos,True,False,False,False,True,False,False,False,False,False,False,False,False,False,False,True,False,True,False,True,False,True,False,False,True,True,False,False,False,True,real estate,0.442485990458606,0.5263799669134889,2,0.44248599045860604,0.3249795045734093,1959.3,0.44248599045860604,281.7451415868558
CR00588,12,1289,4,1,21,1,1,0,1.0,1,2,bens_consumo,False,False,True,False,False,False,False,False,False,False,True,False,False,False,False,True,True,False,False,False,False,True,False,True,False,False,False,True,False,True,building society savings agreement/life insurance,0.4350460812717932,0.391158313747671,2,0.4350460812717931,0.55,902.3,0.4350460812717931,215.8981435223464
CR00589,18,1217,4,3,47,1,1,1,1.0,1,2,bens_consumo,False,False,True,False,False,False,False,False,False,False,False,True,False,False,True,False,False,True,False,True,False,True,False,True,False,False,False,True,True,True,real estate,0.5252454666874653,0.4757692741114642,3,1.0,0.26945694188515296,851.9,1.0,229.5503687919618
CR00590,12,2246,3,3,60,2,1,1,1.0,1,4,bens_consumo,True,False,False,False,False,False,False,False,False,False,True,False,False,False,False,True,False,True,False,False,False,True,False,True,False,True,False,False,False,True,building society savings agreement/life insurance,0.22650368778826074,0.22034657960729953,3,1.0,0.55,1572.1999999999998,1.0,864.7099999999999
CR00591,12,385,4,3,58,4,1,0,1.0,1,3,bens_consumo,True,False,False,False,False,False,True,False,False,False,False,False,False,False,False,False,False,True,False,True,False,True,False,True,False,False,False,True,True,True,real estate,0.3224136205953929,0.2514225130476618,2,0.3224136205953929,0.16742773448720494,269.5,0.3224136205953929,14.547874666275993
CR00592,24,1965,4,4,42,2,1,0,1.0,0,2,veiculos,False,True,False,False,True,False,False,False,False,False,False,False,False,False,False,False,False,True,True,False,False,True,False,False,True,True,False,False,True,True,car or other,0.83881573762257,0.99,2,0.9740196335618438,0.7641464791854007,1375.5,0.9740196335618438,1023.7759480969604
CR00593,21,1572,4,4,36,1,1,0,3.0,4,4,pessoal,False,False,True,False,False,False,False,False,False,True,False,False,False,False,False,False,False,True,False,True,False,False,False,True,False,False,False,True,False,True,real estate,0.3089328247231577,0.3132942947441717,2,0.47620606686022826,0.2639377025869193,1100.3999999999999,0.47620606686022826,138.3078842636437
CR00594,24,2718,3,4,20,1,1,1,1.0,1,2,veiculos,False,False,True,False,True,False,False,False,False,False,False,False,False,False,False,False,False,True,False,False,False,True,False,False,True,False,False,True,True,True,building society savings agreement/life insurance,0.7843874988050281,0.653336564887762,3,1.0,0.55,1902.6,1.0,1046.43
CR00595,24,1358,4,3,40,1,1,1,1.0,0,4,bens_consumo,False,False,False,False,False,False,False,False,True,False,False,False,False,False,False,True,False,True,True,False,False,False,True,True,False,False,False,False,True,True,car or other,0.26472014775167324,0.22875161064444208,3,1.0,0.7877055685328471,950.5999999999999,1.0,748.7929134473244
CR00596,6,931,1,1,32,1,1,1,1.0,2,1,veiculos,False,False,False,False,True,False,False,False,False,False,False,False,False,False,False,False,False,True,False,False,False,False,True,True,False,False,False,True,False,True,building society savings agreement/life insurance,0.6364145196803568,0.48692673369522727,3,1.0,0.55,651.6999999999999,1.0,358.435
CR00597,24,1442,4,4,23,2,1,1,1.0,1,3,veiculos,False,False,True,False,True,False,False,False,False,False,False,False,False,False,False,False,False,True,True,False,False,True,False,False,True,True,False,False,False,True,car or other,0.8555417757297753,0.774703071503223,3,1.0,0.36225126624354104,1009.4,1.0,365.6564281462303
CR00598,24,4241,1,4,36,3,1,1,1.0,1,2,pessoal,False,False,False,True,False,False,False,False,False,True,False,False,False,False,False,True,False,True,False,True,False,True,False,True,False,False,False,True,True,True,real estate,0.5824018440368672,0.629239093954491,3,1.0,0.39540619271500105,2968.7,1.0,1173.8423643130236
CR00599,18,2775,2,2,31,2,1,1,3.0,1,3,veiculos,True,False,False,False,True,False,False,False,False,False,False,False,False,False,False,True,False,True,False,False,False,False,False,True,False,True,False,False,False,True,building society savings agreement/life insurance,0.21849915743434395,0.19958377905727576,3,1.0,0.55,1942.4999999999998,1.0,1068.375
CR00600,24,3863,1,2,32,1,1,0,3.0,1,2,pessoal,False,True,False,False,False,False,False,False,False,True,False,False,False,False,False,True,False,True,False,False,True,True,False,False,False,True,False,False,False,True,unknown/no property,0.16650167114926312,0.21393113098465516,1,0.30528053580302883,0.7361583776707472,2704.1,0.16650167114926312,331.4458638647785
CR00601,7,2329,1,1,45,1,1,0,1.0,1,1,bens_consumo,False,False,True,False,False,False,True,False,False,False,False,False,False,False,False,False,True,False,False,True,False,True,False,True,False,True,False,False,False,True,real estate,0.22810057434684278,0.34365954761145817,2,0.22810057434684272,0.25557992681978614,1630.3,0.22810057434684272,95.04311217999084
CR00602,9,918,4,1,30,1,1,1,1.0,1,2,bens_consumo,False,False,True,False,False,False,False,False,False,False,True,False,False,False,False,False,False,True,False,False,False,True,False,True,False,True,False,False,False,True,building society savings agreement/life insurance,0.60717777303062,0.525134108380928,3,1.0,0.55,642.5999999999999,1.0,353.43
CR00603,24,1837,4,4,34,1,1,1,1.0,1,3,pessoal,False,False,False,False,False,False,False,False,False,False,False,False,True,False,False,False,False,True,False,False,True,False,False,False,False,False,False,True,False,True,unknown/no property,0.9741773326885064,0.9876994358031363,3,1.0,0.3015048317605365,1285.8999999999999,1.0,387.70506316087386
CR00604,36,3349,4,2,28,1,1,1,3.0,1,2,bens_consumo,False,False,True,False,False,False,False,False,False,False,True,False,False,False,False,False,False,True,True,False,False,True,False,True,False,False,False,False,True,True,car or other,0.3951323659006718,0.36581158497852834,3,1.0,0.39759185219367077,2344.2999999999997,1.0,932.0745790976223
CR00605,10,1275,4,2,23,1,1,0,1.0,1,1,bens_consumo,False,False,True,False,False,False,False,False,False,False,True,False,False,False,False,False,False,True,False,False,False,True,False,True,False,True,False,False,False,True,building society savings agreement/life insurance,0.6783160207405714,0.99,2,0.6783160207405714,0.55,892.5,0.6783160207405714,332.968376681028
CR00606,24,2828,4,4,22,1,1,0,1.0,3,2,bens_consumo,False,False,False,False,False,False,False,False,False,False,True,False,False,False,False,True,False,True,False,True,False,False,True,True,False,True,False,False,True,True,real estate,0.6467097983644264,0.7085184968506738,2,0.8751860334282958,0.2845440213958588,1979.6,0.8751860334282958,492.97771619256355
CR00607,24,4526,3,2,74,1,1,0,3.0,1,2,pessoal,True,False,False,False,False,False,False,False,False,True,False,False,False,False,False,True,False,True,False,True,False,True,False,True,False,False,False,False,True,True,real estate,0.05089641553844698,0.05913108611190728,1,0.09920238596223185,0.4963277120576537,3168.2,0.05089641553844698,80.03285533668458
CR00608,36,2671,4,4,50,1,1,1,1.0,2,2,bens_consumo,False,False,True,False,False,False,True,False,False,False,False,False,False,False,False,False,False,False,False,False,True,True,False,False,False,True,False,False,False,True,unknown/no property,0.8392561443489117,0.99,3,1.0,0.7792802780220931,1869.6999999999998,1.0,1457.0203358179074
CR00609,18,2051,4,1,33,1,1,0,3.0,1,1,bens_consumo,False,False,True,False,False,False,True,False,False,False,False,False,False,False,False,True,False,True,False,True,False,True,False,True,False,True,False,False,False,True,real estate,0.16517442816146508,0.29025382753205103,1,0.23722997949241265,0.2229015873448975,1435.6999999999998,0.16517442816146508,52.85908894383417
CR00610,15,1300,4,4,45,1,2,0,3.0,0,4,veiculos,False,False,True,False,False,True,False,False,False,False,False,False,False,False,False,True,False,True,False,False,True,False,False,False,False,True,False,False,False,True,unknown/no property,0.23430591135197285,0.2547661194261574,2,0.283742606760907,0.6512138513991921,909.9999999999999,0.283742606760907,168.14717533688318
CR00611,12,741,4,3,22,1,1,1,1.0,2,0,bens_consumo,False,False,True,False,False,False,False,False,False,False,False,True,False,False,False,False,False,True,False,False,False,True,False,True,False,True,False,False,False,True,building society savings agreement/life insurance,0.7083023002701329,0.5659721705222569,3,1.0,0.55,518.6999999999999,1.0,285.28499999999997
CR00612,10,1240,1,4,48,1,2,1,1.0,2,4,veiculos,False,False,True,False,True,False,False,False,False,False,False,False,False,False,False,False,False,True,False,False,True,True,False,False,False,False,False,True,False,True,unknown/no property,0.5369736224103122,0.48818749472133866,3,1.0,0.7148096356515419,868.0,1.0,620.4547637455383
CR00613,21,3357,4,2,29,1,1,0,1.0,4,1,bens_consumo,False,False,True,False,False,False,True,False,False,False,False,False,False,False,False,False,False,True,True,False,False,False,False,True,False,True,False,False,False,True,car or other,0.8336053622784526,0.9687404824684042,2,0.9566495289064354,0.44349829245059624,2349.8999999999996,0.9566495289064354,996.9977892343733
CR00614,24,3632,1,4,22,1,1,0,1.0,1,2,veiculos,False,False,False,False,False,True,False,False,False,False,False,False,False,False,False,False,True,False,True,False,False,False,False,False,True,True,False,False,False,False,car or other,0.31470800913152847,0.3158805850362767,2,0.5303748872515266,0.44273449394202047,2542.3999999999996,0.5303748872515266,596.9943101769628
CR00615,18,1808,4,1,22,1,1,1,3.0,1,3,bens_consumo,False,True,False,False,False,False,False,False,False,False,True,False,False,False,False,False,False,True,False,True,False,True,False,True,False,True,False,False,False,True,real estate,0.2516369227084248,0.20825998886254235,3,1.0,0.26873123104397106,1265.6,1.0,340.10624600924973
CR00616,48,12204,2,2,48,1,1,0,1.0,0,2,pessoal,False,False,False,True,False,False,False,False,False,True,False,False,False,False,False,True,False,True,True,False,False,False,False,True,False,False,False,False,True,True,car or other,0.9428765672411167,0.99,2,0.9999893522660357,0.7031734229476567,8542.8,0.9999893522660357,6007.005955874854
CR00617,60,9157,2,2,27,1,1,0,1.0,0,2,bens_consumo,False,True,False,False,False,False,True,False,False,False,False,False,False,False,False,True,False,True,False,False,True,True,False,False,False,False,False,False,False,True,unknown/no property,0.866993057893033,0.8944107364469761,2,0.9999583733420218,0.5977023963641711,6409.9,0.9999583733420218,3831.0531098785555
CR00618,6,3676,1,3,37,3,2,0,1.0,1,2,veiculos,True,False,False,False,True,False,False,False,False,False,False,False,False,False,False,True,False,True,False,True,False,True,False,False,True,True,False,False,False,True,real estate,0.43167855105999514,0.3768627940541504,2,0.4316785510599952,0.1792144406115444,2573.2,0.4316785510599952,199.07054893037005
CR00619,30,3441,2,4,21,1,1,1,1.0,2,2,bens_consumo,False,False,True,False,False,False,False,False,False,False,True,False,False,False,False,False,False,False,True,False,False,True,False,False,True,True,False,False,False,True,car or other,0.8082804901581884,0.6815550211615935,3,1.0,0.5772743148191557,2408.7,1.0,1390.4806421049002
CR00620,12,640,4,2,49,1,1,0,3.0,1,2,veiculos,False,False,True,False,True,False,False,False,False,False,False,False,False,True,False,False,False,True,False,True,False,True,False,True,False,False,False,True,False,True,real estate,0.3733592171270581,0.2440464199890543,2,0.3733592171270581,0.4060195402130614,448.0,0.3733592171270581,67.91282967716204
CR00621,21,3652,2,3,27,2,1,0,1.0,1,3,pessoal,True,False,False,False,False,False,False,False,False,True,False,False,False,False,False,True,False,True,False,False,False,True,False,True,False,True,False,False,False,True,building society savings agreement/life insurance,0.27210361291573276,0.20487939804961688,2,0.4263833661692795,0.55,2556.3999999999996,0.4263833661692795,599.5035405013303
CR00622,18,1530,3,2,32,2,1,1,3.0,1,2,veiculos,True,False,False,False,True,False,False,False,False,False,False,False,False,False,False,True,False,True,False,False,False,False,False,True,False,True,False,False,False,True,building society savings agreement/life insurance,0.28057532245718225,0.25948567778108356,3,1.0,0.55,1071.0,1.0,589.0500000000001
CR00623,48,3914,4,2,38,1,1,1,3.0,0,2,pessoal,False,False,True,False,False,False,False,False,False,True,False,False,False,True,False,False,False,True,False,True,False,False,False,True,False,True,False,False,False,True,real estate,0.7617509852138241,0.7063604853733633,3,1.0,0.2845654891620989,2739.7999999999997,1.0,779.6525272063185
CR00624,12,1858,4,1,22,1,1,0,1.0,1,1,bens_consumo,False,False,True,False,False,False,False,False,False,False,True,False,False,False,False,False,False,True,True,False,False,True,False,False,True,True,False,False,False,True,car or other,0.7841066015533925,0.6440707919670117,2,0.7841066015533925,0.5853124321520894,1300.6,0.7841066015533925,596.906913033456
CR00625,18,2600,4,4,65,2,1,1,1.0,1,2,bens_consumo,False,False,True,False,False,False,True,False,False,False,False,False,False,False,False,True,False,True,False,False,True,True,False,False,False,True,False,False,False,True,unknown/no property,0.6333772515832489,0.724801603726248,3,1.0,0.7449255274155376,1819.9999999999998,1.0,1355.7644598962784
CR00626,15,1979,4,2,35,1,1,0,3.0,0,4,bens_consumo,False,False,True,False,False,False,True,False,False,False,False,False,False,False,False,True,False,True,True,False,False,True,False,True,False,True,False,False,False,True,car or other,0.1262941098456257,0.12756938412366084,1,0.15529205416615655,0.4648222862560646,1385.3,0.1262941098456257,81.32309017264257
CR00627,6,2116,2,2,41,1,1,0,1.0,1,2,bens_consumo,False,False,True,False,False,False,False,False,False,False,True,False,False,False,False,True,False,True,False,True,False,True,False,True,False,True,False,False,True,True,real estate,0.22984389212683923,0.18324803136720208,2,0.2298438921268392,0.4351207132539164,1481.1999999999998,0.2298438921268392,148.13457245927913
CR00628,9,1437,2,3,29,1,1,1,1.0,2,3,veiculos,False,False,False,False,True,False,False,False,False,False,False,False,False,False,False,True,False,True,False,False,True,True,False,True,False,True,False,False,False,True,unknown/no property,0.6269883546047427,0.38435502261997195,3,1.0,0.5067653774460257,1005.9,1.0,509.75529317295724
CR00629,42,4042,4,4,36,2,1,0,3.0,3,2,bens_consumo,True,False,False,False,False,False,False,False,False,False,True,False,False,False,False,True,False,True,False,True,False,True,False,True,False,True,False,False,True,True,real estate,0.15352942294765048,0.15976581000570175,1,0.4419905756842518,0.3225703242507918,2829.3999999999996,0.15352942294765048,140.12330672915203
CR00630,9,3832,1,4,64,1,1,0,3.0,0,4,pessoal,False,False,True,False,False,False,False,False,False,False,False,False,True,False,False,True,False,True,False,True,False,True,False,True,False,False,False,True,False,True,real estate,0.1556205261937373,0.15751499999412147,1,0.15562052619373734,0.35947435411254325,2682.3999999999996,0.1556205261937373,150.05771602713253
CR00631,24,3660,2,4,28,1,1,0,1.0,1,2,bens_consumo,False,False,True,False,False,False,True,False,False,False,False,False,False,False,False,False,False,True,True,False,False,True,False,True,False,True,False,False,False,True,car or other,0.5689085783521008,0.5413682342088921,2,0.8141601861815932,0.6707042684539665,2562.0,0.8141601861815932,1399.0075443419676
CR00632,18,1553,4,3,44,1,1,1,1.0,1,2,bens_consumo,False,False,False,False,False,False,False,False,False,False,True,False,False,False,False,True,False,True,True,False,False,False,False,True,False,True,False,False,False,True,car or other,0.796886427557667,0.5695868339100886,3,1.0,0.696204559498992,1087.1,1.0,756.843976631354
CR00633,15,1444,4,1,23,1,1,0,1.0,0,1,bens_consumo,False,False,True,False,False,False,True,False,False,False,False,False,False,False,False,True,False,True,False,False,False,True,False,True,False,True,False,False,False,True,building society savings agreement/life insurance,0.5365038833263289,0.5405851295739081,2,0.6175650059469262,0.55,1010.8,0.6175650059469262,343.32908940613413
CR00634,9,1980,2,2,19,2,1,1,3.0,1,1,bens_consumo,False,False,True,False,False,False,False,False,False,False,True,False,False,False,False,False,False,False,True,False,False,True,False,False,True,True,False,False,False,True,car or other,0.4183628328453499,0.28974734469556956,3,1.0,0.5574718894767784,1386.0,1.0,772.6560388148149
CR00635,24,1355,3,4,25,1,1,1,1.0,1,1,veiculos,False,False,True,False,True,False,False,False,False,False,False,False,False,False,False,False,False,True,True,False,False,True,False,True,False,False,False,True,True,True,car or other,0.702878777759313,0.895022399807342,3,1.0,0.5198475745287132,948.4999999999999,1.0,493.0754244404844
CR00636,12,1393,4,4,47,3,2,0,3.0,1,4,pessoal,False,False,True,False,False,False,False,False,False,False,False,False,True,False,False,True,False,True,False,False,False,False,False,True,False,True,False,False,True,True,building society savings agreement/life insurance,0.6178972508453376,0.6473138467039384,2,0.6178972508453376,0.55,975.0999999999999,0.6178972508453376,331.3813851146088
CR00637,24,1376,4,1,28,1,1,0,3.0,3,3,bens_consumo,False,False,True,False,False,False,True,False,False,False,False,False,False,False,False,False,False,True,True,False,False,True,False,True,False,True,False,False,False,True,car or other,0.21004596320467867,0.22071398290916638,2,0.3759726197507762,0.8241055390705138,963.1999999999999,0.3759726197507762,298.43896531556953
CR00638,60,15653,2,4,21,2,1,0,3.0,1,3,bens_consumo,False,True,False,False,False,False,True,False,False,False,False,False,False,False,False,True,False,True,True,False,False,True,False,True,False,True,False,False,True,True,car or other,0.5644053894371276,0.4636575949413268,2,0.9843176013749901,0.48545900666001135,10957.099999999999,0.9843176013749901,5235.804708265581
CR00639,12,1493,4,3,34,1,2,0,3.0,1,1,bens_consumo,False,False,True,False,False,False,True,False,False,False,False,False,False,False,False,False,False,True,True,False,False,True,False,True,False,True,False,False,False,True,car or other,0.2983921228547253,0.2297733471315462,2,0.2983921228547253,0.25197972606523494,1045.1,0.2983921228547253,78.57977869545839
CR00640,42,4370,3,2,26,2,2,1,1.0,1,3,bens_consumo,False,True,False,False,False,False,True,False,False,False,False,False,False,False,False,True,False,True,False,False,False,False,False,True,False,True,False,False,True,True,building society savings agreement/life insurance,0.8090264662931488,0.99,3,1.0,0.55,3059.0,1.0,1682.45
CR00641,18,750,4,1,27,1,1,1,1.0,1,0,pessoal,False,False,True,False,False,False,False,False,False,False,False,False,True,False,False,False,False,True,False,True,False,True,False,True,False,False,True,False,False,True,real estate,0.8685955285404207,0.99,3,1.0,0.354818315410772,525.0,1.0,186.2796155906553
CR00642,15,1308,4,4,38,2,1,0,1.0,1,4,pessoal,False,False,True,False,False,False,False,True,False,False,False,False,False,False,False,True,False,True,True,False,False,True,False,True,False,False,False,True,False,True,car or other,0.6472996092182562,0.5950206686366518,2,0.7281950096914488,0.4483770815286026,915.5999999999999,0.7281950096914488,298.9488507766045
CR00643,15,4623,3,2,40,1,1,1,3.0,2,2,pessoal,False,False,True,False,False,False,False,False,False,False,False,False,True,False,False,True,False,True,False,False,False,True,False,True,False,False,False,False,True,True,building society savings agreement/life insurance,0.34872189986430674,0.4111459115768339,3,1.0,0.55,3236.1,1.0,1779.855
CR00644,24,1851,4,2,33,2,1,0,3.0,1,3,bens_consumo,True,False,False,False,False,False,True,False,False,False,False,False,False,False,True,False,True,False,True,False,False,True,False,True,False,True,False,False,True,True,car or other,0.07785333633534781,0.11391285169362665,1,0.14964553069215092,0.6263389173980297,1295.6999999999998,0.07785333633534781,63.181667645035105
CR00645,18,1880,4,1,32,2,1,0,1.0,1,3,bens_consumo,True,False,False,False,False,False,True,False,False,False,False,False,False,False,True,False,False,True,False,False,False,True,False,True,False,False,False,False,True,True,building society savings agreement/life insurance,0.36084983403440474,0.27833958766492484,2,0.4890194622266918,0.55,1316.0,0.4890194622266918,353.9522867596795
CR00646,36,7980,4,4,27,2,1,1,3.0,0,1,pessoal,False,True,False,False,False,False,False,False,False,True,False,False,False,False,False,True,False,True,True,False,False,True,False,False,True,True,False,False,True,True,car or other,0.5690196468398634,0.5029156394428181,3,1.0,0.5006480570540801,5586.0,1.0,2796.6200467040917
CR00647,30,4583,2,2,32,2,1,0,1.0,1,2,bens_consumo,False,False,False,True,False,False,False,False,False,False,True,False,False,True,False,False,True,False,False,True,False,True,False,True,False,True,False,False,False,True,real estate,0.8451664940172144,0.7471300512759691,2,0.9905667277267878,0.25671497990159314,3208.1,0.9905667277267878,815.7983921911779
CR00648,12,1386,2,2,26,1,1,1,3.0,3,2,veiculos,False,False,True,False,True,False,False,False,False,False,False,False,False,False,False,False,False,True,False,False,False,True,False,True,False,True,False,False,False,True,building society savings agreement/life insurance,0.1959326783811557,0.2206620954769146,3,1.0,0.55,970.1999999999999,1.0,533.61
CR00649,24,947,4,3,38,1,2,1,1.0,1,3,veiculos,False,False,True,False,True,False,False,False,False,False,False,False,False,False,False,True,False,True,False,False,True,False,False,False,False,True,False,False,False,True,unknown/no property,0.8863879828362468,0.6853434816070577,3,1.0,0.4658688345700553,662.9,1.0,308.82445043648966
CR00650,12,684,4,4,40,1,2,1,1.0,1,2,pessoal,False,False,True,False,False,False,False,False,False,False,False,False,True,False,False,True,False,True,True,False,False,True,False,False,True,False,False,True,False,True,car or other,0.8599555464878809,0.913123095572979,3,1.0,0.4701197680565926,478.79999999999995,1.0,225.0933449454965
CR00651,48,7476,4,1,50,1,1,0,1.0,1,3,pessoal,False,False,True,False,False,False,False,False,False,False,False,False,True,False,False,True,False,True,False,False,True,True,False,False,False,False,False,False,True,True,unknown/no property,0.9343655767069079,0.7103508137949299,2,0.999981442191264,0.29732601019981325,5233.2,0.999981442191264,1555.9376012493908
CR00652,12,1922,4,2,37,1,1,1,1.0,1,2,bens_consumo,False,False,True,False,False,False,False,False,False,False,True,False,False,False,False,True,False,True,False,False,False,True,False,True,False,False,False,True,False,True,building society savings agreement/life insurance,0.5333666844270928,0.6698979843589228,3,1.0,0.55,1345.3999999999999,1.0,739.97
CR00653,24,2303,4,1,45,1,1,1,1.0,1,4,veiculos,False,False,True,False,True,False,False,False,False,False,False,False,False,False,False,True,False,False,False,True,False,True,False,True,False,True,False,False,False,True,real estate,0.6218007393683875,0.7698175576236856,3,1.0,0.38110980426854413,1612.1,1.0,614.3871154613199
CR00654,36,8086,2,4,42,4,1,1,1.0,2,4,veiculos,False,True,False,False,True,False,False,False,False,False,False,False,False,False,False,True,False,True,True,False,False,True,False,True,False,False,False,False,True,True,car or other,0.7520295931072418,0.7145192029402853,3,1.0,0.6558792462287725,5660.2,1.0,3712.407709504098
CR00655,24,2346,4,3,35,2,1,0,3.0,1,3,veiculos,True,False,False,False,False,True,False,False,False,False,False,False,False,False,False,True,False,True,True,False,False,True,False,True,False,True,False,False,True,True,car or other,0.03968682754373231,0.04730435528560079,1,0.0777986108069787,0.698770660682789,1642.1999999999998,0.03968682754373231,45.54147513269279
CR00656,14,3973,1,4,22,1,1,0,1.0,1,0,veiculos,False,False,True,False,True,False,False,False,False,False,False,False,False,False,False,True,False,True,False,False,True,True,False,False,False,True,False,False,False,True,unknown/no property,0.6786171872578173,0.5731769103968948,2,0.734013401722736,0.48843705467165754,2781.1,0.734013401722736,997.0781476734267
CR00657,12,888,4,4,41,1,2,1,1.0,1,4,veiculos,False,False,True,False,True,False,False,False,False,False,False,False,False,False,False,True,False,True,True,False,False,False,False,True,False,False,False,True,False,True,car or other,0.7645795039117421,0.7164468601071167,3,1.0,0.8036956550416839,621.5999999999999,1.0,499.5772191739107
CR00658,48,10222,4,3,37,1,1,0,3.0,0,3,bens_consumo,False,False,True,False,False,False,True,False,False,False,False,False,False,False,False,True,False,True,True,False,False,False,True,True,False,True,False,False,True,True,car or other,0.5096830857536508,0.6419638133171857,2,0.9422027066747881,0.5528472531081132,7155.4,0.9422027066747881,3727.2062030943125
CR00659,30,4221,2,1,28,2,1,0,1.0,1,2,pessoal,False,False,False,True,False,False,False,False,False,True,False,False,False,False,False,False,False,True,True,False,False,True,False,True,False,True,False,False,False,True,car or other,0.8254755821073887,0.8105745224104025,2,0.987275506759666,0.4836125092068721,2954.7,0.987275506759666,1410.7474723424402
CR00660,18,6361,2,1,41,1,1,0,1.0,1,4,bens_consumo,True,False,False,False,False,False,False,False,False,False,True,False,False,False,False,True,False,True,False,False,True,True,False,True,False,True,False,False,True,True,unknown/no property,0.350665776592506,0.38285372165689535,2,0.4767581895261941,0.5021994058447391,4452.7,0.4767581895261941,1066.099628561605
CR00661,12,1297,3,4,23,1,1,0,1.0,1,2,bens_consumo,False,False,True,False,False,False,True,False,False,False,False,False,False,False,True,False,False,True,False,True,False,True,False,False,True,True,False,False,False,True,real estate,0.5569205499307666,0.44295331608604954,2,0.5569205499307666,0.25858473998786907,907.9,0.5569205499307666,130.7477281671957
CR00662,12,900,4,2,23,1,1,1,1.0,0,2,veiculos,False,False,True,False,True,False,False,False,False,False,False,False,False,False,True,False,False,True,True,False,False,True,False,True,False,True,False,False,False,True,car or other,0.7205496421057211,0.8440000538361238,3,1.0,0.6351090608504499,630.0,1.0,400.1187083357835
CR00663,21,2241,4,2,50,2,1,0,3.0,1,4,bens_consumo,False,False,True,False,False,False,False,False,False,False,True,False,False,False,False,True,False,True,False,True,False,True,False,True,False,True,False,False,False,True,real estate,0.1616439702052777,0.1804023214329099,1,0.26548636603137155,0.26429214905259946,1568.6999999999998,0.1616439702052777,67.01679705716008
CR00664,6,1050,4,1,35,2,1,0,1.0,1,0,bens_consumo,False,True,False,False,False,False,False,False,False,False,True,False,False,False,False,True,False,True,False,False,False,False,True,True,False,False,False,False,True,True,building society savings agreement/life insurance,0.6370231504977515,0.47059449179336893,2,0.6370231504977515,0.55,735.0,0.6370231504977515,257.51660858871605
CR00665,6,1047,2,4,50,1,1,0,1.0,1,2,pessoal,True,False,False,False,False,False,False,False,False,False,False,False,True,False,False,False,False,True,False,False,False,True,False,True,False,False,False,True,False,True,building society savings agreement/life insurance,0.5247020089070105,0.29981995726602856,2,0.5247020089070105,0.55,732.9,0.5247020089070105,211.5047562803714
CR00666,24,6314,4,2,27,2,1,0,3.0,1,0,bens_consumo,True,False,False,False,False,False,False,False,True,False,False,False,False,False,False,True,False,False,False,False,True,False,False,True,False,False,False,False,True,True,unknown/no property,0.3818266964714295,0.2316470009828686,2,0.6178617668045738,0.7924674505419738,4419.799999999999,0.6178617668045738,2164.0902718734264
CR00667,30,3496,4,2,34,1,2,0,1.0,4,2,bens_consumo,False,False,False,False,False,False,False,False,False,False,True,False,False,False,False,True,False,True,True,False,False,False,True,True,False,True,False,False,True,True,car or other,0.7402241943859844,0.7286163705219467,2,0.9656048861908323,0.5568034770184112,2447.2,0.9656048861908323,1315.7423611971456
CR00668,48,3609,1,1,27,1,1,0,3.0,1,2,pessoal,False,False,False,False,False,False,False,False,False,True,False,False,False,False,False,False,False,True,False,True,False,False,True,True,False,True,False,False,False,True,real estate,0.3572372571273397,0.3382165835699672,2,0.8293120818458294,0.4366317932971645,2526.2999999999997,0.8293120818458294,914.7833895138061
CR00669,12,4843,3,4,43,2,1,1,1.0,1,4,veiculos,True,False,False,False,True,False,False,False,False,False,False,False,False,False,False,True,False,False,False,False,False,True,False,False,True,True,False,False,True,True,building society savings agreement/life insurance,0.5053686600734341,0.34444124256581254,3,1.0,0.55,3390.1,1.0,1864.555
CR00670,30,3017,4,4,47,1,1,0,1.0,1,4,bens_consumo,True,False,False,False,False,False,True,False,False,False,False,False,False,False,False,True,False,True,False,False,False,True,False,True,False,True,False,False,False,True,building society savings agreement/life insurance,0.3090965288752747,0.3188632478855484,2,0.603225789186856,0.55,2111.9,0.603225789186856,700.6738993010467
CR00671,24,4139,3,3,27,2,1,0,3.0,2,2,pessoal,True,False,False,False,False,False,False,False,False,True,False,False,False,False,False,True,False,True,False,False,False,True,False,True,False,False,False,True,True,True,building society savings agreement/life insurance,0.09141581530756014,0.11668824219010167,1,0.17447477932677435,0.55,2897.2999999999997,0.09141581530756014,145.67247292982668
CR00672,36,5742,2,2,31,2,1,0,3.0,2,3,pessoal,False,False,True,False,False,False,False,False,False,True,False,False,False,False,False,True,False,True,True,False,False,True,False,True,False,True,False,False,True,True,car or other,0.16189592554543783,0.1572339454276602,1,0.411300243784693,0.49847786731050436,4019.3999999999996,0.16189592554543783,324.3717525610279
CR00673,60,10366,2,4,42,1,1,0,3.0,1,4,veiculos,False,False,True,False,True,False,False,False,False,False,False,False,False,False,False,True,False,True,False,False,False,True,False,True,False,False,False,False,True,True,building society savings agreement/life insurance,0.43310601509716296,0.3868756569236331,2,0.9414523801346527,0.55,7256.2,0.9414523801346527,3757.251718403187
CR00674,6,2080,1,2,24,1,1,0,3.0,3,2,veiculos,True,False,False,False,True,False,False,False,False,False,False,False,False,False,True,False,False,True,True,False,False,True,False,True,False,True,False,False,False,True,car or other,0.07119476626055776,0.08759349284520224,1,0.07119476626055776,0.7637493315328083,1456.0,0.07119476626055776,79.16993468403733
CR00675,21,2580,4,2,41,1,2,1,3.0,3,1,pessoal,False,True,False,False,False,False,False,False,False,True,False,False,False,False,False,True,False,True,False,True,False,False,False,True,False,False,False,True,False,True,real estate,0.39968922085893077,0.6031977476288295,3,1.0,0.3389113326294224,1805.9999999999998,1.0,612.0738667287368
CR00676,30,4530,4,4,26,1,1,0,3.0,1,3,bens_consumo,True,False,False,False,False,False,True,False,False,False,False,False,False,False,False,False,False,True,True,False,False,True,False,False,True,False,False,False,True,True,car or other,0.23695225214737542,0.3393530570801256,2,0.49139656714046676,0.4933530414509158,3171.0,0.49139656714046676,768.7518433255616
CR00677,24,5150,4,4,33,1,1,0,3.0,1,4,bens_consumo,True,False,False,False,False,False,False,False,False,False,True,False,False,False,False,True,False,True,True,False,False,True,False,True,False,True,False,False,True,True,car or other,0.10185861604515932,0.08624813336115507,1,0.19334205442768349,0.446274323777096,3604.9999999999995,0.10185861604515932,163.87207041210974
CR00678,72,5595,2,2,24,1,1,1,1.0,2,2,bens_consumo,False,False,True,False,False,False,True,False,False,False,False,False,False,False,True,False,False,True,True,False,False,True,False,True,False,True,False,False,False,True,car or other,0.8123414403948873,0.9819249442875356,3,1.0,0.49820856031484534,3916.4999999999995,1.0,1951.2338264730915
CR00679,24,2384,4,4,64,1,1,0,1.0,1,4,bens_consumo,False,False,True,False,False,False,True,False,False,False,False,False,False,False,False,True,False,True,False,True,False,False,False,False,True,False,False,True,False,True,real estate,0.6949705804585489,0.719967655069301,2,0.9069570532142054,0.3523048830558848,1668.8,0.9069570532142054,533.2239851325155
CR00680,18,1453,3,1,26,1,1,0,3.0,1,1,bens_consumo,False,False,True,False,False,False,True,False,False,False,False,False,False,False,False,False,False,True,False,True,False,True,False,True,False,True,False,False,False,True,real estate,0.19078062511232208,0.18090726234723334,1,0.27205358995435114,0.20256114446585238,1017.0999999999999,0.19078062511232208,39.305566848838424
CR00681,6,1538,1,2,56,1,1,0,3.0,1,1,pessoal,False,False,True,False,False,False,False,False,False,False,False,False,True,False,False,False,False,True,False,False,True,True,False,True,False,True,False,False,False,True,unknown/no property,0.45529376596387405,0.3900042475907879,2,0.45529376596387405,0.7330904925125057,1076.6,0.45529376596387405,359.33843041276
CR00682,12,2279,4,4,37,1,1,0,3.0,0,2,bens_consumo,False,False,True,False,False,False,True,False,False,False,False,False,False,False,False,True,False,True,False,False,True,True,False,False,False,True,False,False,True,True,unknown/no property,0.1880036985808835,0.20442217396029488,1,0.1880036985808835,0.9269834307899801,1595.3,0.1880036985808835,278.0230029452353
CR00683,15,1478,4,3,33,2,1,0,3.0,1,2,bens_consumo,False,True,False,False,False,False,True,False,False,False,False,False,False,False,True,False,False,True,False,True,False,False,False,True,False,True,False,False,False,True,real estate,0.43208195760058526,0.3814334382818651,2,0.5069884625993695,0.39662736651971825,1034.6,0.5069884625993695,208.0430570343413
CR00684,24,5103,3,3,47,3,1,0,3.0,1,1,bens_consumo,True,False,False,False,False,False,True,False,False,False,False,False,False,False,True,False,False,True,False,False,True,True,False,False,False,True,False,False,True,True,unknown/no property,0.2639766419422726,0.3297634880972623,2,0.45826961639342645,0.977460072383982,3572.1,0.45826961639342645,1600.0873756383987
CR00685,36,9857,1,3,31,2,2,0,1.0,2,3,pessoal,False,True,False,False,False,False,False,False,False,True,False,False,False,False,False,True,False,True,False,False,False,True,False,True,False,False,False,True,True,True,building society savings agreement/life insurance,0.6010880991762461,0.6579770273404927,2,0.936520868141083,0.55,6899.9,0.936520868141083,3554.0451859476625
CR00686,60,6527,4,4,34,1,2,0,3.0,0,2,veiculos,False,False,True,False,True,False,False,False,False,False,False,False,False,False,False,True,False,True,False,False,True,True,False,False,False,True,False,False,True,True,unknown/no property,0.7370159429007427,0.9521412742097572,2,0.998742097138352,0.8264524193688142,4568.9,0.998742097138352,3771.228644745261
CR00687,10,1347,4,2,27,2,1,0,1.0,0,3,bens_consumo,True,False,False,False,False,False,True,False,False,False,False,False,False,False,False,True,False,True,False,False,False,True,False,True,False,True,False,False,True,True,building society savings agreement/life insurance,0.2307250808518216,0.1738660319748304,2,0.23072508085182164,0.55,942.9,0.23072508085182164,119.65287330435045
CR00688,36,2862,4,3,30,1,1,0,1.0,2,4,veiculos,False,True,False,False,True,False,False,False,False,False,False,False,False,False,False,True,False,True,False,False,True,True,False,False,False,True,False,False,False,True,unknown/no property,0.775143495818414,0.780409650779994,2,0.9886311545314177,0.7679007084661064,2003.3999999999999,0.9886311545314177,1520.9223078702
CR00689,9,2753,3,4,35,1,1,0,3.0,2,4,bens_consumo,False,False,True,False,False,False,True,False,False,False,False,False,False,False,False,True,False,False,True,False,False,True,False,True,False,True,False,False,True,True,car or other,0.08429993641206213,0.10141367891586792,1,0.08429993641206213,0.6469933877569685,1927.1,0.08429993641206213,105.10692743839247
CR00690,12,3651,1,3,31,1,2,0,1.0,4,2,veiculos,False,False,True,False,True,False,False,False,False,False,False,False,False,False,False,True,False,True,False,False,False,True,False,True,False,True,False,False,False,True,building society savings agreement/life insurance,0.4335389917866379,0.47346343561920207,2,0.4335389917866379,0.55,2555.7,0.4335389917866379,609.3975807200108
CR00691,15,975,2,3,25,2,1,0,1.0,1,2,bens_consumo,True,False,False,False,False,False,False,False,False,False,True,False,False,True,False,False,False,True,False,False,False,True,False,True,False,True,False,False,False,True,building society savings agreement/life insurance,0.4977005746381424,0.526068146606451,2,0.5771334313750928,0.55,682.5,0.5771334313750928,216.64146180242545
CR00692,15,2631,3,2,25,1,1,0,1.0,2,2,pessoal,False,False,True,False,False,False,False,True,False,False,False,False,False,False,False,False,False,True,False,True,False,True,False,True,False,False,False,True,False,True,real estate,0.70276426945295,0.5898637434432622,2,0.7805294418315528,0.27450243620922826,1841.6999999999998,0.7805294418315528,394.59754659769106
CR00693,24,2896,2,1,29,1,1,0,1.0,2,1,bens_consumo,False,False,True,False,False,False,True,False,False,False,False,False,False,False,False,True,False,True,True,False,False,True,False,True,False,True,False,False,False,True,car or other,0.4275387478629653,0.6371174172582672,2,0.6722881148016984,0.4336028093799105,2027.1999999999998,0.6722881148016984,590.9409941973885
CR00694,6,4716,1,3,44,2,2,0,1.0,0,1,veiculos,True,False,False,False,True,False,False,False,False,False,False,False,False,False,False,True,False,True,False,True,False,True,False,True,False,False,False,True,False,True,real estate,0.3675958057716972,0.47641315052711525,2,0.36759580577169726,0.17034519796211536,3301.2,0.36759580577169726,206.71513682030118
CR00695,24,2284,4,2,28,1,1,0,3.0,1,3,bens_consumo,False,False,True,False,False,False,True,False,False,False,False,False,False,False,False,True,False,True,True,False,False,True,False,True,False,True,False,False,True,True,car or other,0.13279017669477278,0.14595481339707359,1,0.2479471223629166,0.5540024830018339,1598.8,0.13279017669477278,117.6174608663216
CR00696,6,1236,2,4,50,1,1,0,3.0,3,2,veiculos,False,False,True,False,False,True,False,False,False,False,False,False,False,False,False,True,False,True,False,False,False,True,False,False,True,True,False,False,False,True,building society savings agreement/life insurance,0.04007023920134563,0.02127552680883275,1,0.04007023920134567,0.55,865.1999999999999,0.04007023920134563,19.06782402635233
CR00697,12,1103,4,3,29,2,1,0,1.0,1,3,bens_consumo,False,False,True,False,False,False,True,False,False,False,False,False,False,False,False,True,True,False,False,True,False,True,False,True,False,True,False,False,False,False,real estate,0.11689573253839008,0.09205282890268499,1,0.11689573253839014,0.17480221854963726,772.0999999999999,0.11689573253839008,15.776808337867676
CR00698,12,926,1,2,38,1,1,0,3.0,1,0,veiculos,True,False,False,False,True,False,False,False,False,False,False,False,False,False,False,False,False,True,False,False,False,True,False,True,False,False,True,False,False,True,building society savings agreement/life insurance,0.10132617557534844,0.1041891184346715,1,0.1013261755753484,0.55,648.1999999999999,0.10132617557534844,36.12379485436747
CR00699,18,1800,4,2,24,2,1,0,3.0,1,2,bens_consumo,True,False,False,False,False,False,True,False,False,False,False,False,False,False,False,True,False,True,True,False,False,True,False,True,False,True,False,False,False,True,car or other,0.11219758928427853,0.09390293208839263,1,0.1634835611506713,0.4992694870302084,1260.0,0.11219758928427853,70.58120938846457
CR00700,15,1905,4,4,40,1,1,0,1.0,1,4,pessoal,False,False,True,False,False,False,False,False,False,False,False,False,True,False,False,True,False,True,True,False,False,True,False,False,True,False,False,False,True,True,car or other,0.7580534892974751,0.4532278173391468,2,0.8303127529037511,0.39108234523332275,1333.5,0.8303127529037511,433.0149983534276
CR00701,12,1123,4,4,29,1,1,1,3.0,3,2,bens_consumo,False,False,True,False,False,False,False,False,False,False,True,False,False,False,False,False,False,True,True,False,False,True,False,False,True,False,False,True,False,True,car or other,0.34373703303123054,0.3644221352342987,3,1.0,0.3701992461614688,786.0999999999999,1.0,291.0136274075306
CR00702,48,6331,4,4,46,2,1,1,1.0,1,4,veiculos,True,False,False,False,False,True,False,False,False,False,False,False,False,False,False,True,False,True,False,False,True,True,False,False,False,True,False,False,True,True,unknown/no property,0.41048549056132994,0.4498633718365245,3,1.0,0.5558936954469514,4431.7,1.0,2463.5540901122545
CR00703,24,1377,4,2,47,1,1,0,1.0,2,4,bens_consumo,False,False,True,False,False,False,True,False,False,False,False,False,False,False,False,False,False,True,False,False,True,True,False,False,False,True,False,False,True,True,unknown/no property,0.5400166602913906,0.3988614468845487,2,0.7884153271905141,0.7339370019591752,963.9,0.7884153271905141,557.7580182833872
CR00704,30,2503,4,2,41,2,1,0,1.0,2,4,pessoal,False,True,False,False,False,False,False,False,False,True,False,False,False,False,False,True,False,True,False,False,False,False,True,True,False,True,False,False,False,True,building society savings agreement/life insurance,0.6235165662545809,0.5510532571951589,2,0.9130309598030683,0.55,1752.1,0.9130309598030683,879.8468495690257
CR00705,27,2528,4,1,32,1,2,0,1.0,1,1,pessoal,False,False,True,False,False,False,False,False,False,True,False,False,False,False,False,False,False,True,False,False,False,True,False,True,False,True,False,False,True,True,building society savings agreement/life insurance,0.7031914632806738,0.5945447089839894,2,0.9349762708938967,0.55,1769.6,0.9349762708938967,909.9937049356117
CR00706,15,5324,1,4,35,1,1,0,3.0,3,4,veiculos,False,False,True,False,True,False,False,False,False,False,False,False,False,False,False,False,False,True,False,False,True,True,False,False,False,True,False,False,False,True,unknown/no property,0.2528787238184563,0.2871387708785438,2,0.30539344043558836,0.5965755389841031,3726.7999999999997,0.30539344043558836,678.9866472909075
CR00707,48,6560,3,2,24,1,1,1,1.0,2,3,veiculos,False,False,True,False,True,False,False,False,False,False,False,False,False,False,False,True,False,True,False,False,False,True,False,True,False,True,False,False,False,True,building society savings agreement/life insurance,0.7909110548057943,0.48888863920028947,3,1.0,0.55,4592.0,1.0,2525.6000000000004
CR00708,12,2969,4,3,25,2,1,1,1.0,1,1,bens_consumo,False,False,False,True,False,False,False,False,False,False,True,False,False,False,False,False,False,True,False,False,False,True,False,False,True,True,False,False,False,True,building society savings agreement/life insurance,0.92373716198835,0.6024651817420761,3,1.0,0.55,2078.2999999999997,1.0,1143.065
CR00709,9,1206,4,4,25,1,1,0,1.0,1,4,bens_consumo,False,False,True,False,False,False,True,False,False,False,False,False,False,False,False,False,False,True,False,True,False,True,False,True,False,True,False,False,False,True,real estate,0.4354235413762361,0.37797659227693453,2,0.4354235413762362,0.163890850008257,844.1999999999999,0.4354235413762362,60.2437449442967
CR00710,9,2118,2,2,37,1,2,0,1.0,1,2,bens_consumo,False,False,True,False,False,False,True,False,False,False,False,False,False,False,False,True,False,True,False,True,False,True,False,True,False,False,False,True,False,True,real estate,0.31328298379516695,0.2640225257010804,2,0.31328298379516695,0.19884835364387868,1482.6,0.31328298379516695,92.35976131185609
CR00711,18,629,4,3,32,2,1,0,3.0,3,4,bens_consumo,True,False,False,False,False,False,True,False,False,False,False,False,False,False,False,True,False,True,False,False,False,False,False,True,False,False,False,False,True,True,building society savings agreement/life insurance,0.10808289806857498,0.17941718300755477,1,0.15766133333282228,0.55,440.29999999999995,0.10808289806857498,26.17389501077646
CR00712,6,1198,4,4,35,1,1,1,1.0,1,4,pessoal,False,False,False,False,False,False,False,False,False,False,False,False,True,False,False,False,False,True,False,False,True,True,False,False,False,True,False,False,False,True,unknown/no property,0.878865511753445,0.749348705196112,3,1.0,0.5843002352496974,838.5999999999999,1.0,489.99417728039623
CR00713,21,2476,4,4,46,1,1,0,3.0,0,4,veiculos,False,False,True,False,False,True,False,False,False,False,False,False,False,False,False,True,False,True,False,True,False,True,False,True,False,False,False,False,True,True,real estate,0.04778398826429702,0.050159992993282145,1,0.0821174998012032,0.19337547388548992,1733.1999999999998,0.04778398826429702,16.015203682711714
CR00714,9,1138,4,4,25,2,1,0,1.0,1,2,bens_consumo,True,False,False,False,False,False,True,False,False,False,False,False,False,False,False,True,False,True,False,True,False,True,False,True,False,False,False,True,False,True,real estate,0.2873922471655371,0.2578483370181441,2,0.287392247165537,0.3302175851141462,796.5999999999999,0.287392247165537,75.59891236057075
CR00715,60,14027,4,2,27,1,1,1,1.0,1,3,veiculos,False,False,True,False,True,False,False,False,False,False,False,False,False,False,False,True,False,True,False,False,True,True,False,True,False,False,False,False,True,True,unknown/no property,0.9664898497062377,0.8148922887933804,3,1.0,0.7609766004389498,9818.9,1.0,7471.953142050003
CR00716,30,7596,1,4,63,2,1,0,3.0,0,4,veiculos,True,False,False,False,False,True,False,False,False,False,False,False,False,False,False,True,False,True,True,False,False,True,False,True,False,True,False,False,False,True,car or other,0.03495217866536045,0.03806532433954059,1,0.08510324643717582,0.5118437446454757,5317.2,0.03495217866536045,95.12499519045717
CR00717,30,3077,3,2,40,2,2,0,3.0,0,4,bens_consumo,True,False,False,False,False,False,True,False,False,False,False,False,False,False,False,True,False,True,True,False,False,True,False,True,False,True,False,False,True,True,car or other,0.07998323867121537,0.12205082375731088,1,0.18812466235424397,0.6619403964217317,2153.8999999999996,0.07998323867121537,114.03637606638546
CR00718,18,1505,4,2,32,1,1,0,3.0,1,2,bens_consumo,False,False,True,False,False,False,True,False,False,False,False,False,False,False,False,True,False,True,False,False,True,True,False,False,False,False,False,False,True,True,unknown/no property,0.19429416727124502,0.17722226787304476,1,0.2767894357336751,0.4429280379593957,1053.5,0.19429416727124502,90.66245518126497
CR00719,24,3148,3,2,31,2,1,0,1.0,0,2,bens_consumo,True,False,False,False,False,False,True,False,False,False,False,False,False,False,False,True,False,True,True,False,False,True,False,True,False,True,False,False,True,True,car or other,0.30581831789644476,0.3680935457853263,2,0.5181117922318785,0.6273501832096855,2203.6,0.5181117922318785,716.2526962154957
CR00720,20,6148,3,4,31,2,1,0,1.0,2,4,veiculos,False,False,False,True,False,True,False,False,False,False,False,False,False,False,True,False,False,True,True,False,False,False,False,True,False,True,False,False,True,True,car or other,0.7680575546872495,0.8341499601427796,2,0.9124410820663463,0.31234332531538045,4303.599999999999,0.9124410820663463,1226.5039730001731
CR00721,9,1337,4,2,34,2,1,1,1.0,1,1,bens_consumo,False,False,False,True,False,False,True,False,False,False,False,False,False,False,False,True,False,True,True,False,False,True,False,True,False,False,False,False,True,True,car or other,0.6649032558587881,0.7733788338872399,3,1.0,0.6266620271119108,935.9,1.0,586.4929911740372
CR00722,6,433,4,2,24,1,2,1,1.0,4,1,pessoal,False,False,False,False,False,False,False,False,False,False,False,False,True,False,False,False,False,True,False,False,False,False,False,False,True,True,False,False,False,True,building society savings agreement/life insurance,0.964691605961523,0.99,3,1.0,0.55,303.09999999999997,1.0,166.70499999999998
CR00723,12,1228,4,2,24,1,1,1,1.0,1,2,veiculos,False,False,True,False,True,False,False,False,False,False,False,False,False,False,False,False,False,True,False,True,False,True,False,True,False,False,False,True,False,True,real estate,0.6921340205016856,0.99,3,1.0,0.3820292294120118,859.5999999999999,1.0,328.3923256025653
CR00724,9,790,4,3,66,1,1,0,1.0,3,2,bens_consumo,False,False,True,False,False,False,True,False,False,False,False,False,False,False,False,False,False,True,False,True,False,True,False,True,False,False,False,True,False,True,real estate,0.40215999819710224,0.2966678708495914,2,0.40215999819710224,0.24389591970983207,553.0,0.40215999819710224,54.24110599482502
CR00725,27,2570,3,3,21,1,1,1,3.0,1,2,veiculos,False,False,True,False,True,False,False,False,False,False,False,False,False,False,False,False,False,True,False,True,False,True,False,False,True,True,False,False,False,True,real estate,0.46129326587131025,0.4329825672160769,3,1.0,0.23679322352577306,1798.9999999999998,1.0,425.9910091228657
CR00726,6,250,2,2,41,2,1,0,3.0,4,2,veiculos,True,False,False,False,True,False,False,False,False,False,False,False,False,False,False,False,False,True,False,True,False,False,False,True,False,False,False,True,False,True,real estate,0.16519870197470396,0.12512324205551453,1,0.165198701974704,0.2155701087701923,175.0,0.16519870197470396,6.2320828768417655
CR00727,15,1316,2,2,47,2,1,0,3.0,3,2,bens_consumo,True,False,False,False,False,False,True,False,False,False,False,False,False,False,True,False,False,True,False,False,False,True,False,True,False,False,False,True,False,True,building society savings agreement/life insurance,0.06431738516791237,0.0392075571677705,1,0.07973967168514173,0.55,921.1999999999999,0.06431738516791237,32.58704636917448
CR00728,18,1882,4,4,25,2,1,1,1.0,1,2,bens_consumo,False,False,True,False,False,False,True,False,False,False,False,False,False,False,False,False,False,True,True,False,False,False,False,False,True,True,False,False,False,True,car or other,0.8955165148266372,0.8904726442403934,3,1.0,0.4917984328716912,1317.3999999999999,1.0,647.895255465166
CR00729,48,6416,4,3,59,1,1,1,1.0,1,4,pessoal,False,False,False,False,False,False,False,False,False,True,False,False,False,False,False,False,False,True,False,False,True,True,False,False,True,True,False,False,False,True,unknown/no property,0.9357594498729731,0.99,3,1.0,0.6581557188920055,4491.2,1.0,2955.908964687775
CR00730,24,1275,2,4,36,2,1,0,1.0,4,2,pessoal,True,False,False,False,False,False,False,False,False,True,False,False,False,True,False,False,False,True,False,True,False,True,False,True,False,True,False,False,True,True,real estate,0.3042589417133687,0.3804485051274127,2,0.5159443798141984,0.45272722426785583,892.5,0.5159443798141984,208.47199475277003
CR00731,24,6403,1,2,33,1,1,0,1.0,1,1,bens_consumo,False,True,False,False,False,False,True,False,False,False,False,False,False,False,False,True,False,True,True,False,False,True,False,True,False,True,False,False,False,True,car or other,0.47709441237772127,0.6451226934056243,2,0.7265697464333993,0.34656781901996836,4482.099999999999,0.7265697464333993,1128.618293849183
CR00732,24,1987,2,4,21,1,2,1,1.0,1,2,bens_consumo,False,False,True,False,False,False,True,False,False,False,False,False,False,False,False,True,False,True,False,True,False,True,False,False,True,False,False,True,False,True,real estate,0.5309897955907498,0.6019723201896526,3,1.0,0.35556106408512067,1390.8999999999999,1.0,494.5498840359943
CR00733,8,760,4,2,44,1,1,0,1.0,1,3,bens_consumo,False,False,True,False,False,False,True,False,False,False,False,False,False,False,False,False,True,False,False,True,False,True,False,True,False,False,False,True,False,True,real estate,0.32964075935822584,0.32314187199612576,2,0.3296407593582258,0.3651027251606567,532.0,0.3296407593582258,64.02765744896116
CR00734,24,2603,2,4,28,1,1,0,3.0,4,2,veiculos,False,False,True,False,False,True,False,False,False,False,False,False,False,False,False,False,False,True,True,False,False,True,False,False,True,True,False,False,True,True,car or other,0.08944478841822004,0.14755018607709725,1,0.17088920666125984,0.3660373610515478,1822.1,0.08944478841822004,59.65579873065922
CR00735,4,3380,1,1,37,1,2,0,3.0,1,3,veiculos,True,False,False,False,True,False,False,False,False,False,False,False,False,False,False,False,False,True,False,True,False,True,False,True,False,True,False,False,False,True,real estate,0.07608127667423653,0.06983835276696661,1,0.07608127667423648,0.3389054430142198,2366.0,0.07608127667423653,61.005792864890374
CR00736,36,3990,3,2,29,1,1,0,1.0,0,1,bens_consumo,False,False,False,False,False,False,False,False,False,False,False,True,False,False,False,False,False,True,False,False,True,False,False,True,False,False,True,False,False,True,unknown/no property,0.9651509592504269,0.99,2,0.9999576773858725,0.6237713570896687,2793.0,0.9999576773858725,1742.119666172426
CR00737,24,11560,1,4,23,2,1,1,1.0,1,2,veiculos,False,False,True,False,False,True,False,False,False,False,False,False,False,False,False,False,False,True,True,False,False,True,False,False,True,False,False,False,False,True,car or other,0.713319946335571,0.6622139802088607,3,1.0,0.6805238011553241,8091.999999999999,1.0,5506.798598948882
CR00738,18,4380,3,4,35,1,2,0,1.0,2,2,veiculos,False,False,True,False,True,False,False,False,False,False,False,False,False,False,False,True,False,True,True,False,False,True,False,True,False,False,False,True,True,True,car or other,0.6164998516308694,0.6336082544265151,2,0.7625083720676222,0.37164996487199686,3066.0,0.7625083720676222,868.8621189203793
CR00739,6,6761,1,3,45,2,2,0,3.0,1,3,veiculos,True,False,False,False,True,False,False,False,False,False,False,False,False,False,False,True,False,True,False,False,True,True,False,True,False,False,False,False,True,True,unknown/no property,0.1572555169552665,0.170081849484788,1,0.15725551695526652,0.4944431620936359,4732.7,0.1572555169552665,367.98595380461035
CR00740,30,4280,4,4,26,2,1,1,1.0,2,2,pessoal,False,False,False,True,False,False,False,False,False,True,False,False,False,False,False,False,False,True,True,False,False,True,False,False,True,False,False,True,False,True,car or other,0.9341945199473257,0.9514103341629025,3,1.0,0.5746751035721872,2996.0,1.0,1721.7266103022728
CR00741,24,2325,2,3,32,1,1,0,1.0,2,3,veiculos,False,False,False,False,True,False,False,False,False,False,False,False,False,False,False,True,False,True,True,False,False,False,False,True,False,True,False,False,False,True,car or other,0.757834591336232,0.8673214319741785,2,0.9413559148467102,0.5686462271885386,1627.5,0.9413559148467102,871.1982915297431
CR00742,10,1048,4,4,23,1,1,0,1.0,1,2,bens_consumo,False,False,False,False,False,False,True,False,False,False,False,False,False,False,False,True,False,True,False,True,False,False,True,True,False,False,False,True,False,True,real estate,0.5790100135475919,0.6748143613531075,2,0.5790100135475919,0.4175375205786432,733.5999999999999,0.5790100135475919,177.3539662358224
CR00743,21,3160,4,3,41,1,1,0,3.0,0,4,bens_consumo,False,False,True,False,False,False,True,False,False,False,False,False,False,False,False,True,False,True,False,False,False,True,False,True,False,True,False,False,True,True,building society savings agreement/life insurance,0.11603313556173442,0.17671970670078005,1,0.19413373636164266,0.55,2212.0,0.11603313556173442,141.1659127244061
CR00744,24,2483,4,4,22,1,1,0,1.0,3,2,bens_consumo,False,False,False,False,False,False,False,False,False,False,True,False,False,False,False,True,False,True,False,True,False,False,True,True,False,True,False,False,True,True,real estate,0.6372613141994088,0.641998923268933,2,0.86842064582366,0.2562866450261713,1738.1,0.86842064582366,386.83955522771555
CR00745,39,14179,4,4,30,2,1,0,1.0,0,3,bens_consumo,True,False,False,False,False,False,False,False,False,False,True,False,False,False,False,True,False,True,False,False,False,True,False,True,False,False,False,False,True,True,building society savings agreement/life insurance,0.7977794419397488,0.5029288672216068,2,0.994454608149811,0.55,9925.3,0.994454608149811,5428.6431772481255
CR00746,13,1797,3,1,28,2,1,0,1.0,1,1,pessoal,True,False,False,False,False,False,False,False,False,True,False,False,False,False,False,True,False,True,False,False,False,False,False,True,False,False,False,True,False,True,building society savings agreement/life insurance,0.5509319687699313,0.3357905381316033,2,0.5799140556749273,0.55,1257.8999999999999,0.5799140556749273,401.2106398484201
CR00747,15,2511,1,4,23,1,1,0,1.0,1,0,veiculos,False,False,True,False,True,False,False,False,False,False,False,False,False,False,False,False,False,True,True,False,False,True,False,False,True,True,False,False,False,True,car or other,0.7413477695574404,0.5327303790305521,2,0.8155429389384691,0.5008523190149266,1757.6999999999998,0.8155429389384691,717.9616939973881
CR00748,12,1274,3,1,37,1,1,1,1.0,1,1,veiculos,False,False,True,False,True,False,False,False,False,False,False,False,False,False,False,False,False,True,False,True,False,True,False,True,False,False,False,True,False,True,real estate,0.6363337349607447,0.5334006156802282,3,1.0,0.3131001215499511,891.8,1.0,279.22268839824636
CR00749,21,5248,1,3,26,1,1,0,3.0,0,2,veiculos,False,False,True,False,False,True,False,False,False,False,False,False,False,False,False,True,False,True,True,False,False,True,False,True,False,True,False,False,False,True,car or other,0.06495506777195097,0.07692383656638775,1,0.11088724343606948,0.45883327878748764,3673.6,0.06495506777195097,109.48630922937137
CR00750,15,3029,2,2,33,1,1,0,3.0,1,3,veiculos,False,False,True,False,False,True,False,False,False,False,False,False,False,False,False,True,False,True,True,False,False,True,False,True,False,True,False,False,False,True,car or other,0.043888116348924686,0.030598649933951384,1,0.054555814720416596,0.621177566683703,2120.2999999999997,0.043888116348924686,57.8042829323033
CR00751,6,428,2,1,49,1,1,0,1.0,1,4,bens_consumo,False,False,True,False,False,False,False,False,False,False,True,False,False,False,False,False,False,True,False,False,False,False,False,True,False,True,False,False,True,True,building society savings agreement/life insurance,0.44520473854713166,0.4514958366179636,2,0.4452047385471316,0.55,299.59999999999997,0.4452047385471316,73.36083681779634
CR00752,18,976,1,2,23,1,1,1,1.0,1,1,veiculos,False,False,True,False,True,False,False,False,False,False,False,False,False,False,False,False,False,True,True,False,False,True,False,True,False,False,False,True,False,True,car or other,0.5886650636130414,0.598888984814055,3,1.0,0.4394993158392917,683.1999999999999,1.0,300.26593258140406
CR00753,12,841,2,4,23,1,1,0,1.0,2,3,pessoal,False,False,True,False,False,False,False,False,False,True,False,False,False,False,False,False,False,True,False,True,False,True,False,False,True,False,False,True,False,True,real estate,0.4428511187489187,0.47629643426645407,2,0.4428511187489187,0.46780439088465936,588.6999999999999,0.4428511187489187,121.95962372955081
CR00754,30,5771,4,2,25,2,1,0,3.0,1,3,bens_consumo,True,False,False,False,False,False,True,False,False,False,False,False,False,False,False,False,False,True,True,False,False,True,False,True,False,True,False,False,False,True,car or other,0.27063215422793163,0.26448117046576214,2,0.5456751061911882,0.5707738645001186,4039.7,0.5456751061911882,1258.1932029271818
CR00755,12,1555,4,4,55,2,2,1,3.0,4,4,pessoal,False,True,False,False,False,False,False,True,False,False,False,False,False,False,False,True,False,True,False,False,True,True,False,False,False,True,False,False,False,True,unknown/no property,0.33215835168680485,0.3703377931154227,3,1.0,0.6943027033527306,1088.5,1.0,755.7484925994472
CR00756,24,1285,4,4,32,1,1,1,1.0,0,3,veiculos,False,False,True,False,True,False,False,False,False,False,False,False,False,False,False,False,False,True,False,False,True,True,False,False,True,True,False,False,False,True,unknown/no property,0.9072721438924783,0.9264758651010114,3,1.0,0.7372385776419114,899.4999999999999,1.0,663.1461005888992
CR00757,6,1299,1,1,74,3,2,0,1.0,1,2,veiculos,True,False,False,False,True,False,False,False,False,False,False,False,False,False,False,True,False,True,False,True,False,True,False,True,False,False,True,False,False,False,real estate,0.06916955592774712,0.0907139001724957,1,0.0691695559277471,0.18193800913212427,909.3,0.06916955592774712,11.443150681314533
CR00758,15,1271,3,4,39,2,1,1,1.0,0,2,bens_consumo,True,False,False,False,False,False,True,False,False,False,False,False,False,False,False,True,False,True,False,False,True,True,False,False,False,True,False,False,True,True,unknown/no property,0.30835643358735126,0.3385501692866234,3,1.0,0.2960271698185618,889.6999999999999,1.0,263.3753729875744
CR00759,24,1393,2,2,31,1,1,0,3.0,1,2,veiculos,False,False,True,False,True,False,False,False,False,False,False,False,False,False,False,True,True,False,False,True,False,True,False,True,False,True,False,False,True,True,real estate,0.07902302283787553,0.044683312995104814,1,0.15180140753731564,0.35668651602489393,975.0999999999999,0.07902302283787553,27.48460417892269
CR00760,12,691,4,3,35,2,1,1,1.0,1,4,veiculos,True,False,False,False,True,False,False,False,False,False,False,False,False,False,False,True,False,True,False,False,False,True,False,True,False,True,False,False,False,True,building society savings agreement/life insurance,0.3603327543015403,0.3666568617307699,3,1.0,0.55,483.7,1.0,266.035
CR00761,15,5045,1,4,59,1,1,0,3.0,0,4,veiculos,True,False,False,False,True,False,False,False,False,False,False,False,False,False,False,False,False,True,True,False,False,True,False,True,False,True,False,False,True,True,car or other,0.06865244270603346,0.07287326633373563,1,0.08506608840592345,0.3704816025700793,3531.5,0.06865244270603346,89.82182018959998
CR00762,18,2124,4,4,24,2,1,1,1.0,1,2,bens_consumo,True,False,False,False,False,False,False,False,False,False,True,False,False,False,False,False,False,True,False,True,False,True,False,False,True,True,False,False,False,True,real estate,0.6438921917430673,0.5636523936565476,3,1.0,0.3844924595687208,1486.8,1.0,571.6633888867741
CR00763,12,2214,4,3,24,1,1,0,1.0,1,2,bens_consumo,False,False,True,False,False,False,True,False,False,False,False,False,False,False,False,True,False,True,False,False,False,True,False,True,False,False,False,True,False,True,building society savings agreement/life insurance,0.4987398087171781,0.4178214043575377,2,0.49873980871717816,0.55,1549.8,0.49873980871717816,425.1208255524355
CR00764,21,12680,4,4,30,1,1,1,3.0,0,4,veiculos,True,False,False,False,True,False,False,False,False,False,False,False,False,False,False,True,False,True,False,False,True,True,False,False,False,False,False,False,True,True,unknown/no property,0.40948340242429887,0.5409563469012089,3,1.0,0.7515838658666938,8876.0,1.0,6671.058393432774
CR00765,24,2463,4,3,27,2,1,0,3.0,2,3,veiculos,True,False,False,False,True,False,False,False,False,False,False,False,False,False,True,False,False,True,False,False,False,True,False,True,False,True,False,False,True,True,building society savings agreement/life insurance,0.20007320455155783,0.21070794295533743,2,0.36011712192358625,0.55,1724.1,0.36011712192358625,341.4828614496503
CR00766,12,1155,3,3,40,2,1,0,1.0,1,4,bens_consumo,False,False,True,False,False,False,True,False,False,False,False,False,False,False,True,False,True,False,False,True,False,False,False,True,False,False,False,True,False,True,real estate,0.518724880954201,0.4123220372690014,2,0.518724880954201,0.25006276685214246,808.5,0.518724880954201,104.87359029437945
CR00767,30,3108,2,4,31,1,1,1,1.0,1,1,bens_consumo,False,False,True,False,False,False,False,False,False,False,True,False,False,True,False,False,False,True,False,False,False,True,False,True,False,False,False,True,False,True,building society savings agreement/life insurance,0.789604134427196,0.7380948334397722,3,1.0,0.55,2175.6,1.0,1196.5800000000002
CR00768,10,2901,1,4,31,1,1,0,3.0,0,1,veiculos,False,False,True,False,False,True,False,False,False,False,False,False,False,False,False,False,False,True,False,True,False,True,False,False,True,True,False,False,False,True,real estate,0.08975805302633742,0.08706276016408752,1,0.08975805302633744,0.32061585820871835,2030.6999999999998,0.08975805302633742,58.43919055907265
CR00769,12,3617,1,4,28,3,1,0,1.0,1,4,bens_consumo,True,False,False,False,False,False,False,False,False,False,True,False,False,False,False,True,False,True,True,False,False,True,False,False,True,True,False,False,True,True,car or other,0.24892845828925056,0.16879097615270872,2,0.2489284582892506,0.3859541145802336,2531.8999999999996,0.2489284582892506,243.25219809266568
CR00770,12,1655,2,4,63,2,1,0,3.0,1,4,bens_consumo,True,False,False,False,False,False,True,False,False,False,False,False,False,False,False,True,False,True,False,True,False,True,False,True,False,False,False,True,True,True,real estate,0.019106369933525557,0.022634266475987066,1,0.019106369933525547,0.42829429336289276,1158.5,0.019106369933525557,9.48017835910073
CR00771,24,2812,2,4,26,1,1,0,1.0,0,4,veiculos,False,False,True,False,False,True,False,False,False,False,False,False,False,False,False,False,False,True,False,True,False,True,False,False,True,True,False,False,False,True,real estate,0.3526957092163138,0.34547462556333935,2,0.5809971551330291,0.31820131309280875,1968.3999999999999,0.5809971551330291,363.90609511077037
CR00772,36,8065,3,2,25,2,1,1,1.0,1,2,pessoal,True,False,False,False,False,False,False,False,False,False,False,False,True,False,False,False,False,True,False,False,True,True,False,True,False,False,False,False,True,True,unknown/no property,0.9402644113527462,0.99,3,1.0,0.8724285341821408,5645.5,1.0,4925.295289725276
CR00773,21,3275,1,4,36,1,1,0,3.0,1,4,veiculos,True,False,False,False,False,True,False,False,False,False,False,False,False,False,False,True,False,True,True,False,False,True,False,True,False,False,False,False,True,True,car or other,0.012116490104754879,0.008347735346708693,1,0.02110741640965541,0.5087962992146503,2292.5,0.012116490104754879,14.132862057035712
CR00774,24,2223,4,4,52,2,1,0,3.0,2,4,bens_consumo,True,False,False,False,False,False,True,False,False,False,False,False,False,False,False,True,False,True,False,False,False,False,False,True,False,True,False,False,False,True,building society savings agreement/life insurance,0.17144757733706262,0.2792877600135601,1,0.31350088289937716,0.55,1556.1,0.17144757733706262,146.73426630181172
CR00775,12,1480,2,4,66,3,1,0,1.0,3,0,veiculos,True,False,False,False,True,False,False,False,False,False,False,False,False,False,False,True,False,True,False,False,True,False,False,False,False,False,True,False,False,True,unknown/no property,0.6851854441497037,0.8101544810931401,2,0.6851854441497037,0.5461927687225658,1036.0,0.6851854441497037,387.7160948823547
CR00776,24,1371,4,4,25,1,1,1,1.0,0,2,veiculos,False,False,True,False,True,False,False,False,False,False,False,False,False,False,False,False,False,True,False,True,False,True,False,False,True,True,False,False,False,True,real estate,0.8298069290723674,0.9471735124274245,3,1.0,0.24373669603190112,959.6999999999999,1.0,233.9141071818155
CR00777,36,3535,4,4,37,2,1,0,3.0,1,3,veiculos,True,False,False,False,True,False,False,False,False,False,False,False,False,False,False,True,False,True,True,False,False,True,False,True,False,True,False,False,True,True,car or other,0.20006481202016668,0.16948365107942567,2,0.48812442899755715,0.4084752678624399,2474.5,0.48812442899755715,493.38252991187727
CR00778,18,3509,4,1,25,1,1,0,1.0,1,3,bens_consumo,False,False,True,False,False,False,True,False,False,False,False,False,False,False,False,False,True,False,False,True,False,True,False,True,False,True,False,False,False,True,real estate,0.48009310074415934,0.4125721815120973,2,0.625123366696164,0.21920273052107017,2456.2999999999997,0.625123366696164,336.5837159042138
CR00779,36,5711,4,2,38,2,1,0,3.0,4,4,veiculos,True,False,False,False,False,True,False,False,False,False,False,False,False,False,False,True,False,True,True,False,False,True,False,True,False,False,False,False,True,True,car or other,0.05257029732751688,0.037090197100282545,1,0.14956526867393427,0.44564013105486666,3997.7,0.05257029732751688,93.65585366387326
CR00780,18,3872,2,4,67,1,1,0,1.0,1,0,pessoal,False,False,True,False,False,False,False,True,False,False,False,False,False,False,False,False,False,True,True,False,False,True,False,True,False,True,False,False,True,True,car or other,0.6754129448434302,0.99,2,0.81507450340021,0.72234224578901,2710.3999999999996,0.81507450340021,1595.7825502045912
CR00781,39,4933,2,2,25,2,1,1,1.0,1,3,bens_consumo,True,False,False,False,False,False,True,False,False,False,False,False,False,False,False,True,True,False,False,True,False,True,False,True,False,True,False,False,False,True,real estate,0.25415018052123706,0.21067288067718734,3,1.0,0.27538173728844184,3453.1,1.0,950.9206770307185
CR00782,24,1940,4,4,60,1,1,0,3.0,4,4,veiculos,True,False,False,False,True,False,False,False,False,False,False,False,False,False,False,True,False,True,False,True,False,True,False,True,False,True,False,False,True,True,real estate,0.05373352319847779,0.057821289652042904,1,0.10457975488163429,0.16962015287134413,1358.0,0.05373352319847779,12.377203673330255
CR00783,12,1410,2,2,31,1,1,0,1.0,1,2,pj_capital_giro,False,False,False,True,False,False,False,False,False,False,False,False,False,False,False,True,False,True,False,True,False,True,False,True,False,False,False,True,True,True,real estate,0.3419111662024139,0.4038151665330672,2,0.3419111662024139,0.3272343110446081,986.9999999999999,0.3419111662024139,110.43055906686622
CR00784,12,836,4,2,23,1,1,1,1.0,2,1,veiculos,False,False,True,False,True,False,False,False,False,False,False,False,False,False,False,False,False,True,False,False,False,False,False,True,False,False,False,True,False,True,building society savings agreement/life insurance,0.8778504115180171,0.7670746099365453,3,1.0,0.55,585.1999999999999,1.0,321.86
CR00785,20,6468,1,4,60,1,1,0,1.0,0,0,veiculos,False,False,True,False,False,True,False,False,False,False,False,False,False,True,False,False,False,True,False,True,False,True,False,True,False,False,False,False,True,True,real estate,0.4210668763617182,0.5299732682268099,2,0.5978568605643927,0.2535679561613852,4527.599999999999,0.5978568605643927,686.3721265916953
CR00786,18,1941,4,2,35,1,1,0,1.0,4,2,pessoal,False,False,True,False,False,False,False,False,False,True,False,False,False,False,False,True,False,True,False,False,False,True,False,True,False,False,False,True,True,True,building society savings agreement/life insurance,0.37206992654177895,0.6253491507855821,2,0.5024154067054185,0.55,1358.6999999999998,0.5024154067054185,375.4474971998586
CR00787,22,2675,3,4,40,1,1,0,3.0,3,4,bens_consumo,False,False,True,False,False,False,True,False,False,False,False,False,False,False,False,True,False,True,True,False,False,True,False,True,False,True,False,False,False,True,car or other,0.09552952790715659,0.1047933184568969,1,0.16812822817023065,0.5028091946523164,1872.4999999999998,0.09552952790715659,89.94202654848132
CR00788,48,2751,4,3,38,2,2,0,3.0,0,4,veiculos,True,False,False,False,False,True,False,False,False,False,False,False,False,False,False,True,False,True,True,False,False,True,False,True,False,True,False,False,True,True,car or other,0.07802524835161966,0.11346281748944705,1,0.2774363460469883,0.4943597538476466,1925.6999999999998,0.07802524835161966,74.27914522513905
CR00789,48,6224,4,4,50,1,1,1,1.0,1,4,pessoal,False,True,False,False,False,False,False,False,False,False,False,False,True,False,False,True,False,True,False,False,True,True,False,False,False,True,False,False,False,True,unknown/no property,0.9353529490575463,0.99,3,1.0,0.6183535761643167,4356.799999999999,1.0,2694.0428606326946
CR00790,40,5998,4,3,27,1,1,1,1.0,1,2,pessoal,True,False,False,False,False,False,False,False,False,False,False,False,True,False,False,True,False,True,False,False,True,False,False,True,False,True,False,False,True,True,unknown/no property,0.9541647310294655,0.8695254818054412,3,1.0,0.5955404889138484,4198.599999999999,1.0,2500.4362967536836
CR00791,21,1188,2,4,39,1,2,1,1.0,1,4,pessoal,False,False,True,False,False,False,False,False,False,True,False,False,False,False,False,False,False,True,False,False,False,True,False,True,False,True,False,False,False,True,building society savings agreement/life insurance,0.43725232298302047,0.4044428699039541,3,1.0,0.55,831.5999999999999,1.0,457.38
CR00792,24,6313,3,4,41,1,2,0,3.0,0,4,veiculos,False,False,True,False,False,True,False,False,False,False,False,False,False,False,False,True,False,True,True,False,False,True,False,True,False,False,False,False,True,True,car or other,0.09025236296093622,0.06069643209529786,1,0.17235923690183985,0.5674832550432292,4419.099999999999,0.09025236296093622,226.33173977695697
CR00793,6,1221,1,2,27,2,1,0,3.0,0,2,bens_consumo,True,False,False,False,False,False,False,False,False,False,True,False,False,False,True,False,False,True,False,False,False,True,False,True,False,True,False,False,False,True,building society savings agreement/life insurance,0.07038093252554493,0.07398305410561251,1,0.07038093252554489,0.55,854.6999999999999,0.07038093252554493,33.08502066627079
CR00794,24,2892,3,4,51,1,1,0,1.0,1,4,bens_consumo,False,False,True,False,False,False,False,False,False,False,True,False,False,True,False,False,False,True,False,False,True,True,False,False,False,True,False,False,False,True,unknown/no property,0.7742062308534464,0.99,2,0.9490171738145928,0.5723020532058836,2024.3999999999999,0.9490171738145928,1099.501191444755
CR00795,24,3062,4,3,32,1,1,0,3.0,3,4,bens_consumo,False,False,True,False,False,False,False,False,False,False,True,False,False,False,False,True,False,True,False,False,True,True,False,False,True,True,False,False,True,True,unknown/no property,0.3342555717855159,0.4038041969731101,2,0.5567843563013697,0.647713740392069,2143.4,0.5567843563013697,772.9890843303863
CR00796,9,2301,2,4,22,1,1,0,3.0,2,1,bens_consumo,False,False,True,False,False,False,False,False,False,False,True,False,False,False,False,False,False,True,False,False,False,True,False,False,True,True,False,False,False,True,building society savings agreement/life insurance,0.2756496186812404,0.3468792087801543,2,0.2756496186812404,0.55,1610.6999999999998,0.2756496186812404,244.19386244543063
CR00797,18,7511,1,4,51,1,2,1,1.0,0,4,veiculos,False,False,True,False,False,True,False,False,False,False,False,False,False,False,False,True,False,True,False,False,False,True,False,False,False,True,False,False,True,True,building society savings agreement/life insurance,0.14186156063033056,0.19234832989574926,3,1.0,0.55,5257.7,1.0,2891.735
CR00798,12,1258,2,4,22,2,1,0,3.0,1,1,bens_consumo,True,False,False,False,False,False,False,False,False,False,True,False,False,False,False,False,False,True,False,False,False,True,False,False,True,False,False,True,False,True,building society savings agreement/life insurance,0.19465354662478648,0.174579372622117,1,0.1946535466247865,0.55,880.5999999999999,0.19465354662478648,94.27655223678283
CR00799,24,717,4,4,54,2,1,0,3.0,0,4,veiculos,False,True,False,False,True,False,False,False,False,False,False,False,False,False,True,False,False,True,True,False,False,True,False,True,False,True,False,False,True,True,car or other,0.27111917895309534,0.318577758022363,2,0.46873274870999015,0.7240784980859838,501.9,0.46873274870999015,170.34451102373257
CR00800,9,1549,4,2,35,1,1,0,1.0,0,1,veiculos,False,False,True,False,True,False,False,False,False,False,False,False,False,False,False,True,False,True,False,True,False,True,False,True,False,False,True,False,False,True,real estate,0.5807190857837796,0.9520431342646999,2,0.5807190857837796,0.3276256897078021,1084.3,0.5807190857837796,206.29728179823417
CR00801,24,1597,4,4,54,2,2,0,3.0,1,4,pessoal,True,False,False,False,False,False,False,False,False,False,False,False,True,False,False,True,False,True,False,False,True,True,False,False,False,True,False,False,False,True,unknown/no property,0.4111102672133957,0.34537499466272437,2,0.6532088826185218,0.42253557363576505,1117.8999999999999,0.6532088826185218,308.544860332903
CR00802,18,1795,3,4,48,2,1,0,1.0,1,4,bens_consumo,True,False,False,False,False,False,True,False,False,False,False,False,False,False,False,False,True,False,False,True,False,False,False,False,True,False,False,True,True,True,real estate,0.41195364733427203,0.42359062371752276,2,0.5490614739697275,0.2732163872735007,1256.5,0.5490614739697275,188.49082223634923
CR00803,20,4272,1,4,24,2,1,0,1.0,1,4,bens_consumo,True,False,False,False,False,False,False,False,False,False,True,False,False,False,False,False,False,True,False,False,False,True,False,True,False,True,False,False,False,True,building society savings agreement/life insurance,0.3464624560988581,0.31689330545281785,2,0.5078272445289599,0.55,2990.3999999999996,0.5078272445289599,835.2336256216709
CR00804,12,976,4,4,35,2,1,0,3.0,0,4,bens_consumo,True,False,False,False,False,False,True,False,False,False,False,False,False,False,False,True,False,True,True,False,False,True,False,True,False,True,False,False,False,True,car or other,0.06799550916827603,0.06622190339266627,1,0.06799550916827601,0.6467822370724299,683.1999999999999,0.06799550916827603,30.045966040999165
CR00805,12,7472,1,2,24,1,1,0,1.0,0,0,veiculos,False,False,True,False,True,False,False,False,False,False,False,False,False,False,False,False,False,True,False,True,False,True,False,False,True,False,True,False,False,True,real estate,0.7931757154580308,0.6773113723053854,2,0.7931757154580308,0.34403455739466204,5230.4,0.7931757154580308,1427.270799888345
CR00806,36,9271,2,1,24,1,1,1,1.0,1,3,veiculos,False,False,True,False,True,False,False,False,False,False,False,False,False,False,False,True,False,True,True,False,False,True,False,True,False,True,False,False,True,True,car or other,0.6921075803499895,0.6855604779656166,3,1.0,0.4547286096082111,6489.7,1.0,2951.0522577744073
CR00807,6,590,3,3,26,1,1,0,1.0,1,1,bens_consumo,False,False,True,False,False,False,True,False,False,False,False,False,False,False,True,False,False,True,False,True,False,True,False,True,False,False,False,True,False,False,real estate,0.18685705849748838,0.1371799147501959,1,0.18685705849748835,0.31963758901223854,413.0,0.18685705849748838,24.66706088290713
CR00808,12,930,4,4,65,4,1,0,3.0,0,4,bens_consumo,True,False,False,False,False,False,True,False,False,False,False,False,False,False,False,True,False,True,False,True,False,True,False,True,False,True,False,False,False,True,real estate,0.06906940957394235,0.06210746787483807,1,0.06906940957394236,0.15424320472033537,651.0,0.06906940957394235,6.935420089617909
CR00809,42,9283,1,2,55,1,1,0,1.0,1,0,veiculos,False,False,False,False,False,True,False,False,False,False,False,False,False,False,False,True,False,True,False,False,True,False,False,False,False,False,False,False,True,True,unknown/no property,0.788280399200746,0.7146814773881457,2,0.9956331956668907,0.7742834978341855,6498.099999999999,0.9956331956668907,5009.400581983851
CR00810,15,1778,2,1,26,2,1,1,1.0,1,1,veiculos,False,False,False,True,True,False,False,False,False,False,False,False,False,False,False,False,False,True,False,True,False,True,False,False,True,False,True,False,False,True,real estate,0.8624441955329438,0.7784491852938323,3,1.0,0.23130380583467686,1244.6,1.0,287.8807167418388
CR00811,8,907,3,2,26,1,1,0,1.0,1,1,pessoal,False,False,True,False,False,False,False,False,False,True,False,False,False,False,True,False,False,True,False,True,False,True,False,True,False,True,False,False,True,True,real estate,0.3781469498073382,0.5442682934779389,2,0.3781469498073382,0.22131640093274102,634.9,0.3781469498073382,53.13485842926376
CR00812,6,484,3,3,28,1,1,0,1.0,1,3,bens_consumo,False,False,True,False,False,False,True,False,False,False,False,False,False,False,True,False,True,False,False,True,False,False,False,True,False,False,False,True,False,True,real estate,0.4740614126500334,0.4939803869188422,2,0.4740614126500333,0.343527025728991,338.79999999999995,0.4740614126500333,55.174564925666274
CR00813,36,9629,4,4,24,2,1,1,1.0,1,3,veiculos,True,False,False,False,False,True,False,False,False,False,False,False,False,False,False,True,False,True,True,False,False,True,False,True,False,True,False,False,True,True,car or other,0.407746731777194,0.4350562567526816,3,1.0,0.37187136886460903,6740.299999999999,1.0,2506.524587558124
CR00814,48,3051,3,4,54,1,1,1,1.0,1,2,bens_consumo,False,False,True,False,False,False,False,False,False,False,False,True,False,False,False,True,False,True,True,False,False,True,False,True,False,True,False,False,False,True,car or other,0.6678789014296674,0.63410857361084,3,1.0,0.5151134294277446,2135.7,1.0,1100.127751228834
CR00815,48,3931,4,4,46,1,2,1,1.0,1,3,veiculos,False,False,True,False,True,False,False,False,False,False,False,False,False,False,False,True,False,True,False,False,True,True,False,False,False,True,False,False,False,True,unknown/no property,0.880655186262104,0.99,3,1.0,0.7894802814374223,2751.7,1.0,2172.4128904313548
CR00816,36,7432,2,2,54,1,1,0,1.0,1,2,veiculos,False,True,False,False,True,False,False,False,False,False,False,False,False,False,False,False,False,True,False,False,False,True,False,False,True,True,False,False,False,True,building society savings agreement/life insurance,0.8619244714257466,0.5728586215182219,2,0.9973676105393747,0.55,5202.4,0.9973676105393747,2853.7878913885233
CR00817,6,1338,1,4,62,1,1,0,3.0,3,2,bens_consumo,False,False,True,False,False,False,False,False,False,False,False,True,False,True,False,False,False,True,False,True,False,True,False,True,False,True,False,False,False,True,real estate,0.11012448288875583,0.10728772267399245,1,0.11012448288875587,0.19855762434490262,936.5999999999999,0.11012448288875583,20.479747772930452
CR00818,6,1554,1,2,24,2,1,0,3.0,1,3,bens_consumo,True,False,False,False,False,False,True,False,False,False,False,False,False,False,False,False,False,True,True,False,False,True,False,False,True,True,False,False,True,True,car or other,0.052462477712051314,0.07101758972660926,1,0.05246247771205126,0.5467591909994001,1087.8,0.052462477712051314,31.20282708799744
CR00819,36,15857,2,3,43,1,1,0,1.0,1,0,bens_consumo,False,False,True,False,False,False,False,False,True,False,False,False,False,True,False,False,False,False,True,False,False,True,False,True,False,False,False,False,False,True,car or other,0.8790453841181728,0.99,2,0.9982304316590382,0.5498516402593182,11099.9,0.9982304316590382,6092.498018405811
CR00820,18,1345,4,3,26,1,1,1,1.0,1,2,bens_consumo,False,False,True,False,False,False,True,False,False,False,False,False,False,False,True,False,False,True,False,True,False,False,False,True,False,True,False,False,False,True,real estate,0.7591763528915066,0.8144849276504068,3,1.0,0.35210791661660706,941.4999999999999,1.0,331.5096034945355
CR00821,12,1101,3,2,27,2,1,0,3.0,1,2,veiculos,False,False,True,False,True,False,False,False,False,False,False,False,False,False,True,False,False,True,False,True,False,True,False,True,False,True,False,False,True,True,real estate,0.20896146837186172,0.21369905203263556,2,0.2089614683718617,0.3648067488620692,770.6999999999999,0.2089614683718617,58.75088790166081
CR00822,12,3016,3,1,24,1,1,0,1.0,1,2,bens_consumo,False,False,True,False,False,False,True,False,False,False,False,False,False,False,True,False,False,True,True,False,False,True,False,True,False,True,False,False,False,True,car or other,0.5376261580353002,0.6433806029235327,2,0.5376261580353002,0.6562991341182645,2111.2,0.5376261580353002,744.9233703139595
CR00823,36,2712,2,2,41,1,2,1,1.0,1,4,bens_consumo,False,False,True,False,False,False,False,False,False,False,True,False,False,False,False,True,False,True,False,False,False,False,False,True,False,True,False,False,False,True,building society savings agreement/life insurance,0.7060242092640457,0.6899513381379744,3,1.0,0.55,1898.3999999999999,1.0,1044.1200000000001
CR00824,8,731,4,4,47,2,1,0,1.0,1,4,veiculos,True,False,False,False,True,False,False,False,False,False,False,False,False,False,False,True,False,True,False,True,False,True,False,True,False,False,False,True,False,True,real estate,0.29617923645044425,0.3476717339771249,2,0.2961792364504443,0.2290179889019137,511.7,0.2961792364504443,34.708801908303265
CR00825,18,3780,3,2,35,2,1,0,3.0,1,1,bens_consumo,True,False,False,False,False,False,False,False,False,False,True,False,False,True,False,False,False,True,True,False,False,True,False,True,False,False,False,False,True,True,car or other,0.26549247111619767,0.23128990414607645,2,0.37050196662092894,0.5156270158228814,2646.0,0.37050196662092894,505.49401873031377
CR00826,21,1602,4,3,30,2,1,0,1.0,1,4,veiculos,True,False,False,False,True,False,False,False,False,False,False,False,False,False,True,False,False,True,True,False,False,True,False,True,False,True,False,False,True,True,car or other,0.4778693742513822,0.5727634900157622,2,0.679289230826672,0.6734517179793743,1121.3999999999999,0.679289230826672,513.0051753450304
CR00827,18,3966,1,4,33,3,1,1,1.0,1,4,veiculos,True,False,False,False,True,False,False,False,False,False,False,False,False,False,False,False,False,True,False,True,False,False,False,False,True,True,False,False,True,True,real estate,0.6471296815178591,0.6533884131242284,3,1.0,0.39495278384152605,2776.2,1.0,1096.4679185008445
CR00828,18,4165,2,2,36,2,2,1,3.0,1,2,pessoal,False,False,False,True,False,False,False,False,False,True,False,False,False,False,False,True,False,True,True,False,False,False,True,True,False,True,False,False,False,True,car or other,0.4419238740226381,0.34599621759296684,3,1.0,0.7305319835250182,2915.5,1.0,2129.8659979671907
CR00829,36,8335,3,4,47,1,1,1,1.0,0,4,veiculos,False,False,True,False,False,True,False,False,False,False,False,False,False,False,False,True,False,True,False,False,True,True,False,False,False,True,False,False,False,True,unknown/no property,0.5554590978215049,0.2920361962530945,3,1.0,0.6016746538991933,5834.5,1.0,3510.470768174843
CR00830,48,6681,4,4,38,1,2,0,1.0,0,2,pessoal,False,True,False,False,False,False,False,False,False,True,False,False,False,False,False,True,False,True,False,False,True,True,False,False,False,True,False,False,True,True,unknown/no property,0.8533740421281991,0.99,2,0.9995377856238752,0.9072101820509613,4676.7,0.9995377856238752,4240.788798418877
CR00831,24,2375,4,2,44,2,2,0,3.0,3,2,pessoal,False,True,False,False,False,False,False,False,False,True,False,False,False,False,False,True,False,True,True,False,False,True,False,True,False,True,False,False,True,True,car or other,0.19158046870422557,0.2151713882012256,1,0.3464578614195203,0.6154131733699875,1662.5,0.19158046870422557,196.0106522341243
CR00832,18,1216,4,3,23,1,1,1,1.0,1,1,veiculos,False,False,True,False,True,False,False,False,False,False,False,False,False,False,False,False,False,True,True,False,False,True,False,False,True,True,False,False,True,True,car or other,0.8001116040175134,0.9870395873665865,3,1.0,0.5692675214286482,851.1999999999999,1.0,484.56051424006534
CR00833,45,11816,2,4,29,2,1,1,1.0,1,4,pessoal,False,False,False,True,False,False,False,False,False,True,False,False,False,False,False,True,False,True,True,False,False,True,False,False,True,True,False,False,False,True,car or other,0.9181649454000871,0.7546808714894723,3,1.0,0.6694221060873334,8271.199999999999,1.0,5536.924123869551
CR00834,24,5084,2,4,42,1,1,0,1.0,0,4,bens_consumo,False,False,True,False,False,False,True,False,False,False,False,False,False,False,False,False,False,True,True,False,False,True,False,True,False,True,False,False,True,True,car or other,0.43613073476081266,0.5811255783302947,2,0.6820514517186189,0.4861422049641093,3558.7999999999997,0.6820514517186189,1180.0055392333966
CR00835,15,2327,2,3,25,1,1,1,1.0,1,1,bens_consumo,False,False,True,False,False,False,True,False,False,False,False,False,False,False,False,False,False,True,False,True,False,True,False,True,False,False,False,True,False,True,real estate,0.4848127503746897,0.5472205914014049,3,1.0,0.27415243537385675,1628.8999999999999,1.0,446.5669019804752
CR00836,12,1082,4,4,48,2,1,1,1.0,1,2,veiculos,False,False,False,True,True,False,False,False,False,False,False,False,False,False,False,True,False,True,True,False,False,False,False,True,False,True,False,False,False,True,car or other,0.9080070332232494,0.9147515014004757,3,1.0,0.6697906191535199,757.4,1.0,507.29941494687597
CR00837,12,886,4,2,21,1,1,0,3.0,0,2,bens_consumo,False,False,True,False,False,False,True,False,False,False,False,False,False,False,False,False,False,True,True,False,False,True,False,True,False,True,False,False,False,True,car or other,0.2365231240330055,0.3020871687766858,2,0.23652312403300546,0.5870207168742277,620.1999999999999,0.23652312403300546,86.11103256762121
CR00838,4,601,1,3,23,1,2,0,3.0,1,1,bens_consumo,False,False,True,False,False,False,False,False,False,False,True,False,False,False,False,False,False,True,False,True,False,True,False,False,True,False,False,True,False,True,real estate,0.19064541523512663,0.242195802080902,1,0.19064541523512668,0.2552351040652057,420.7,0.19064541523512663,20.47101058845656
CR00839,24,2957,4,4,63,2,1,0,1.0,1,4,veiculos,True,False,False,False,False,True,False,False,False,False,False,False,False,False,False,True,False,True,False,False,False,True,False,True,False,True,False,False,True,True,building society savings agreement/life insurance,0.12691695794295274,0.14294196663395653,1,0.2377260016724123,0.55,2069.9,0.12691695794295274,144.48797618536486
CR00840,24,2611,4,3,46,2,1,0,3.0,1,4,bens_consumo,True,False,False,False,False,False,True,False,False,False,False,False,False,False,True,False,False,False,False,True,False,True,False,True,False,True,False,False,False,True,real estate,0.15228913959900048,0.25746685881204523,1,0.2813862971581971,0.23039097957802093,1827.6999999999998,0.15228913959900048,64.12676271257507
CR00841,36,5179,4,2,29,1,1,1,1.0,1,3,bens_consumo,False,False,True,False,False,False,False,False,False,False,True,False,False,False,False,True,False,True,False,False,False,True,False,True,False,True,False,False,False,True,building society savings agreement/life insurance,0.7128496494666509,0.99,3,1.0,0.55,3625.2999999999997,1.0,1993.915
CR00842,21,2993,3,2,28,2,1,0,3.0,1,2,veiculos,False,True,False,False,False,True,False,False,False,False,False,False,False,False,False,True,False,True,False,True,False,False,True,True,False,False,False,True,False,True,real estate,0.1261315595369059,0.13985190027275007,1,0.21017550843176724,0.17656851602540286,2095.1,0.1261315595369059,46.659683586714706
CR00843,18,1943,4,4,23,1,1,1,3.0,1,1,pessoal,False,False,True,False,False,False,False,True,False,False,False,False,False,False,False,False,False,True,False,True,False,True,False,True,False,True,False,False,False,True,real estate,0.4625144372249399,0.4456884266800968,3,1.0,0.3475265674499207,1360.1,1.0,472.67088438863715
CR00844,24,1559,4,4,50,1,1,0,3.0,1,3,pessoal,False,False,False,False,False,False,False,False,False,True,False,False,False,False,False,True,False,True,True,False,False,False,False,True,False,True,False,False,True,True,car or other,0.30330512366056456,0.3177227998627644,2,0.5146162492823788,0.839123979707355,1091.3,0.5146162492823788,471.252625166349
CR00845,18,3422,4,4,47,3,2,0,3.0,1,4,bens_consumo,False,False,True,False,False,False,False,False,False,False,True,False,False,False,False,True,False,True,False,False,False,False,False,True,False,True,False,False,True,True,building society savings agreement/life insurance,0.429424068607143,0.669102397731908,2,0.5690070444642165,0.55,2395.3999999999996,0.5690070444642165,749.6497108702712
CR00846,21,3976,2,3,35,1,1,0,1.0,0,3,bens_consumo,False,False,True,False,False,False,False,False,False,False,True,False,False,False,False,True,False,True,True,False,False,True,False,True,False,True,False,False,True,True,car or other,0.3847590221512786,0.4320597093452408,2,0.5726052392258321,0.5891404315766932,2783.2,0.5726052392258321,938.8983194472528
CR00847,18,6761,2,4,68,2,1,1,3.0,0,2,veiculos,False,False,True,False,True,False,False,False,False,False,False,False,False,False,False,True,False,True,True,False,False,True,False,False,True,True,False,False,False,True,car or other,0.3745528876629031,0.3067777686755968,3,1.0,0.5047850772003686,4732.7,1.0,2388.9963348661845
CR00848,24,1249,4,2,28,1,1,0,3.0,1,1,veiculos,False,False,True,False,True,False,False,False,False,False,False,False,False,False,True,False,False,True,False,True,False,True,False,True,False,True,False,False,False,True,real estate,0.3898367851677131,0.3392583033286592,2,0.6277008512655285,0.28749884216798327,874.3,0.6277008512655285,157.77903518328313
CR00849,9,1364,3,4,59,1,1,0,1.0,1,3,bens_consumo,False,False,True,False,False,False,True,False,False,False,False,False,False,False,False,True,False,True,False,True,False,True,False,True,False,True,False,False,False,True,real estate,0.24149701719810718,0.24629846854221363,2,0.24149701719810723,0.2429431234033652,954.8,0.24149701719810723,56.01815385849254
CR00850,12,709,4,4,57,1,1,1,1.0,1,4,bens_consumo,False,False,True,False,False,False,True,False,False,False,False,False,False,False,False,True,False,True,False,True,False,False,True,True,False,False,False,True,False,True,real estate,0.36298089353299495,0.4531361656586002,3,1.0,0.355805948681271,496.29999999999995,1.0,176.5864923305148
CR00851,20,2235,4,2,33,2,1,1,1.0,1,2,veiculos,True,False,False,False,True,False,False,False,False,False,False,False,False,False,True,False,True,False,False,False,False,False,False,False,True,True,False,False,False,False,building society savings agreement/life insurance,0.5672030709958743,0.4844011069012517,3,1.0,0.55,1564.5,1.0,860.475
CR00852,24,4042,3,4,43,2,1,0,3.0,0,3,veiculos,True,False,False,False,False,True,False,False,False,False,False,False,False,False,False,True,False,True,False,False,False,True,False,True,False,True,False,False,True,True,building society savings agreement/life insurance,0.03639381310768552,0.042061424413572066,1,0.07146311658285387,0.55,2829.3999999999996,0.03639381310768552,56.63496014378697
CR00853,15,1471,4,4,35,2,1,0,3.0,1,2,bens_consumo,True,False,False,False,False,False,True,False,False,False,False,False,False,False,False,True,False,True,False,False,True,True,False,False,False,True,False,False,True,True,unknown/no property,0.110266922108045,0.14770485972577632,1,0.13587877832027284,0.7372458825408806,1029.7,0.110266922108045,83.70826118345916
CR00854,18,1442,4,4,32,2,2,1,1.0,1,3,veiculos,False,False,False,False,True,False,False,False,False,False,False,False,False,False,False,True,False,True,False,False,True,True,False,False,False,False,False,True,False,True,unknown/no property,0.8422597573879136,0.99,3,1.0,0.5416940399996952,1009.4,1.0,546.7859639756923
CR00855,36,10875,2,2,45,2,2,0,3.0,1,4,veiculos,False,True,False,False,True,False,False,False,False,False,False,False,False,False,False,True,False,True,True,False,False,True,False,True,False,True,False,False,True,True,car or other,0.4019743184424748,0.27986347057538713,2,0.7861252553336723,0.7447915892712315,7612.499999999999,0.7861252553336723,4457.114778453837
CR00856,24,1474,4,3,33,1,1,0,3.0,2,1,veiculos,False,False,True,False,True,False,False,False,False,False,False,False,False,False,True,False,False,True,False,True,False,True,False,True,False,True,False,False,True,True,real estate,0.29877608062908767,0.28277439504435703,2,0.5082850149020963,0.2619895900133374,1031.8,0.5082850149020963,137.4000418328424
CR00857,10,894,4,3,40,1,1,0,3.0,0,3,pj_capital_giro,False,False,True,False,False,False,False,False,False,False,False,False,False,False,False,False,False,True,False,False,False,True,False,True,False,True,False,False,True,True,building society savings agreement/life insurance,0.11383894961092358,0.08519757436944621,1,0.11383894961092356,0.55,625.8,0.11383894961092358,39.18222806658379
CR00858,15,3343,4,2,28,1,1,0,3.0,1,2,bens_consumo,True,False,False,False,False,False,False,False,False,False,True,False,False,False,False,True,False,True,False,False,True,True,False,False,False,True,False,False,True,True,unknown/no property,0.143747561062467,0.16204803300874318,1,0.17633184217228537,0.3900207264261831,2340.1,0.143747561062467,131.19660241174537
CR00859,15,3959,3,2,29,1,1,1,1.0,1,2,veiculos,False,False,True,False,True,False,False,False,False,False,False,False,False,False,False,False,False,True,False,False,False,True,False,True,False,True,False,False,True,True,building society savings agreement/life insurance,0.6578231285065089,0.5202964569965857,3,1.0,0.55,2771.2999999999997,1.0,1524.215
CR00860,9,3577,1,2,26,1,2,0,3.0,2,2,veiculos,False,False,True,False,True,False,False,False,False,False,False,False,False,False,False,True,True,False,False,True,False,True,False,False,True,True,False,False,False,False,real estate,0.040873746147009046,0.047506377460232875,1,0.040873746147009005,0.2337583958832262,2503.8999999999996,0.040873746147009046,23.92371619985652
CR00861,24,5804,4,2,27,2,1,0,3.0,4,2,veiculos,True,False,False,False,False,True,False,False,False,False,False,False,False,False,False,True,False,True,False,True,False,True,False,True,False,True,False,False,False,True,real estate,0.06466920650482054,0.06726513088385205,1,0.12515630673967804,0.4437742545852248,4062.7999999999997,0.06466920650482054,116.59638326080811
CR00862,18,2169,4,2,28,1,1,1,3.0,1,2,pessoal,False,True,False,False,False,False,False,False,False,True,False,False,False,False,True,False,False,True,True,False,False,True,False,True,False,True,False,False,True,True,car or other,0.20929202087736126,0.11240888033050735,3,1.0,0.39465618613884795,1518.3,1.0,599.2064874146129
CR00863,24,2439,4,4,35,1,1,1,1.0,1,1,bens_consumo,False,False,True,False,False,False,True,False,False,False,False,False,False,False,False,False,False,True,False,True,False,True,False,True,False,True,False,False,True,True,real estate,0.5863595205355975,0.4840295505219553,3,1.0,0.24849931275139023,1707.3,1.0,424.2628766604485
CR00864,27,4526,4,2,32,2,2,0,3.0,4,1,bens_consumo,True,False,False,False,False,False,False,False,False,False,True,False,False,False,False,True,False,True,False,True,False,False,True,True,False,False,False,True,True,True,real estate,0.22382873911800655,0.25370541126298146,2,0.4345365925359953,0.423399289646169,3168.2,0.4345365925359953,582.8933077255838
CR00865,10,2210,2,2,25,1,1,1,3.0,1,2,bens_consumo,False,False,True,False,False,False,False,False,False,False,True,False,False,False,False,True,False,True,False,True,False,False,False,False,True,False,False,True,False,True,real estate,0.30489209997834577,0.3114262969126696,3,1.0,0.4558714170167223,1547.0,1.0,705.2330821248694
CR00866,15,2221,2,4,20,1,1,0,3.0,3,2,bens_consumo,False,False,True,False,False,False,False,False,False,False,True,False,False,False,False,False,False,True,True,False,False,True,False,False,True,True,False,False,False,True,car or other,0.25725679811595964,0.23710876152351096,2,0.31047763562923547,0.6039719904606835,1554.6999999999998,0.31047763562923547,291.5370261952473
CR00867,18,2389,4,1,27,1,1,0,1.0,1,1,bens_consumo,False,False,True,False,False,False,True,False,False,False,False,False,False,False,False,False,False,True,True,False,False,False,True,True,False,True,False,False,False,True,car or other,0.7551903333041254,0.5579980217870191,2,0.8788724748455664,0.6764360568444593,1672.3,0.8788724748455664,994.1840747327359
CR00868,12,3331,2,4,42,1,1,0,3.0,1,4,bens_consumo,True,False,False,False,False,False,False,False,False,False,True,False,False,False,False,True,False,True,False,False,False,False,True,True,False,True,False,False,False,True,building society savings agreement/life insurance,0.06485666433386827,0.07329284149566098,1,0.06485666433386827,0.55,2331.7,0.06485666433386827,83.17445632500436
CR00869,36,7409,3,2,37,2,1,0,3.0,0,4,pessoal,False,False,True,False,False,False,False,False,False,True,False,False,False,False,False,True,False,True,False,False,False,True,False,True,False,True,False,False,False,True,building society savings agreement/life insurance,0.2945660349113848,0.4552437438623804,2,0.6489499021149148,0.55,5186.299999999999,0.6489499021149148,1851.1068825362204
CR00870,12,652,4,4,24,1,1,0,1.0,1,4,bens_consumo,False,False,True,False,False,False,False,False,False,False,True,False,False,False,False,False,False,True,False,False,False,True,False,False,True,True,False,False,False,True,building society savings agreement/life insurance,0.6562662158382945,0.7037878608521249,2,0.6562662158382945,0.55,456.4,0.6562662158382945,164.73594549972867
CR00871,36,7678,2,4,40,2,1,0,3.0,3,3,bens_consumo,False,True,False,False,False,False,False,False,False,False,True,False,False,False,False,False,False,True,True,False,False,True,False,True,False,True,False,False,True,True,car or other,0.32051468168019664,0.31928423334711575,2,0.6862814261727535,0.5566711513081627,5374.599999999999,0.6862814261727535,2053.2749467771937
CR00872,6,1343,1,4,46,2,2,0,1.0,1,4,veiculos,True,False,False,False,True,False,False,False,False,False,False,False,False,False,False,True,False,True,False,True,False,True,False,True,False,True,False,False,False,False,real estate,0.055385230881180865,0.05388911316597488,1,0.05538523088118086,0.34141967940359347,940.0999999999999,0.055385230881180865,17.776922265655084
CR00873,24,1382,4,1,26,2,1,0,1.0,2,3,pessoal,True,False,False,False,False,False,False,False,False,True,False,False,False,False,False,True,False,True,False,True,False,True,False,True,False,True,False,False,True,True,real estate,0.23448410301743125,0.1687157355549643,2,0.4139854114669732,0.3205179704624621,967.4,0.4139854114669732,128.3640775818281
CR00874,15,874,4,1,24,1,1,0,3.0,0,1,bens_consumo,False,False,True,False,False,False,False,False,False,False,False,True,False,False,False,False,False,True,False,True,False,True,False,True,False,True,False,False,False,True,real estate,0.30073328881335787,0.2778418365995491,2,0.36055445277365794,0.534535815560256,611.8,0.36055445277365794,117.91176644826297
CR00875,12,3590,2,2,29,1,2,0,1.0,1,2,bens_consumo,False,False,True,False,False,False,False,False,False,False,True,False,False,False,False,True,False,False,False,False,False,True,False,True,False,False,False,True,False,True,building society savings agreement/life insurance,0.5891114868750206,0.48076866306937427,2,0.5891114868750206,0.55,2513.0,0.5891114868750206,814.2404415843098
CR00876,11,1322,4,4,40,2,1,0,1.0,4,2,veiculos,True,False,False,False,True,False,False,False,False,False,False,False,False,False,False,False,False,True,True,False,False,True,False,True,False,True,False,False,False,True,car or other,0.5225345265132518,0.6881242961250534,2,0.5225345265132518,0.4614334779976432,925.4,0.5225345265132518,223.12775061672406
CR00877,18,1940,3,4,36,1,1,0,1.0,1,1,bens_consumo,False,False,False,False,False,False,True,False,False,False,False,False,False,False,False,True,False,False,False,False,True,False,False,False,False,False,False,False,True,True,unknown/no property,0.8372304562504067,0.6739284826856169,2,0.934331103387981,0.6474799709187748,1358.0,0.934331103387981,821.5365975329129
CR00878,36,3595,4,2,28,1,1,0,3.0,1,4,bens_consumo,False,False,True,False,False,False,True,False,False,False,False,False,False,False,False,True,False,True,True,False,False,True,False,True,False,True,False,False,False,True,car or other,0.21658522574647263,0.1282432901900943,2,0.5191880282151671,0.608564393974011,2516.5,0.5191880282151671,795.111698611176
CR00879,9,1422,3,2,27,1,1,1,1.0,1,1,veiculos,False,False,True,False,True,False,False,False,False,False,False,False,False,False,False,True,False,True,False,False,True,True,False,False,False,False,False,False,True,True,unknown/no property,0.6110518842398872,0.5036867514413361,3,1.0,0.6685515171526958,995.4,1.0,665.4761801737934
CR00880,30,6742,2,3,36,2,1,0,3.0,0,3,bens_consumo,True,False,False,False,False,False,True,False,False,False,False,False,False,False,False,True,False,True,False,False,False,True,False,True,False,True,False,False,False,True,building society savings agreement/life insurance,0.11779482224041911,0.11055967124264197,1,0.2689888420966612,0.55,4719.4,0.11779482224041911,305.7564862447887
CR00881,24,7814,3,3,38,1,1,0,3.0,1,3,veiculos,False,False,True,False,False,True,False,False,False,False,False,False,False,False,False,True,False,True,True,False,False,True,False,True,False,False,False,False,True,True,car or other,0.0940743204235194,0.09052156101391054,1,0.17929866308389175,0.3445833873178606,5469.799999999999,0.0940743204235194,177.3114872220585
CR00882,24,9277,2,4,48,1,1,0,3.0,0,2,veiculos,False,False,True,False,False,True,False,False,False,False,False,False,False,True,False,False,False,True,False,False,True,True,False,False,False,True,False,False,True,True,unknown/no property,0.3079890201575611,0.19701474501768745,2,0.5211208037775075,0.7728620150478881,6493.9,0.5211208037775075,2615.447281896192
CR00883,30,2181,4,4,36,2,1,0,1.0,0,4,veiculos,True,False,False,False,True,False,False,False,False,False,False,False,False,False,False,True,False,True,False,True,False,True,False,True,False,True,False,False,False,True,real estate,0.481561203127726,0.6071820740364277,2,0.8064720326305019,0.34383694939693593,1526.6999999999998,0.8064720326305019,423.3460985991725
CR00884,18,1098,4,4,65,2,1,0,3.0,1,0,bens_consumo,True,False,False,False,False,False,True,False,False,False,False,False,False,False,False,False,False,True,True,False,False,True,False,True,False,False,True,False,False,True,car or other,0.1637023069218007,0.16831297052996064,1,0.2352115012678231,0.6216344905480662,768.5999999999999,0.1637023069218007,78.21504192672427
CR00885,24,4057,3,3,43,1,1,1,1.0,1,3,bens_consumo,False,False,True,False,False,False,False,False,False,False,True,False,False,True,False,False,False,True,True,False,False,True,False,True,False,True,False,False,True,True,car or other,0.6875012501610454,0.6127835350782848,3,1.0,0.32658654350384125,2839.8999999999996,1.0,927.4731248965586
CR00886,12,795,4,4,53,1,1,1,1.0,1,1,pessoal,False,False,True,False,False,False,False,False,False,False,False,False,True,False,False,False,False,True,False,False,False,True,False,True,False,True,False,False,False,True,building society savings agreement/life insurance,0.8445222019460191,0.7011842904564493,3,1.0,0.55,556.5,1.0,306.07500000000005
CR00887,24,2825,4,3,34,2,2,0,1.0,0,3,pessoal,True,False,False,False,False,False,False,False,False,True,False,False,False,False,False,True,False,True,False,False,True,True,False,True,False,True,False,False,True,True,unknown/no property,0.5723488338179931,0.6384737938058441,2,0.8171144800631694,0.5520060706836274,1977.4999999999998,0.8171144800631694,891.9556334243674
CR00888,48,15672,2,2,23,1,1,1,1.0,1,2,pessoal,False,False,True,False,False,False,False,False,False,True,False,False,False,False,False,True,False,True,True,False,False,True,False,True,False,True,False,False,True,True,car or other,0.8136820069300169,0.7535077370165703,3,1.0,0.46349081937595393,10970.4,1.0,5084.679684881965
CR00889,36,6614,4,4,34,2,1,0,3.0,1,4,veiculos,True,False,False,False,True,False,False,False,False,False,False,False,False,False,False,True,False,True,True,False,False,True,False,True,False,False,False,False,True,True,car or other,0.25053439670054695,0.268560601828138,2,0.5790261520301603,0.7374449071533472,4629.799999999999,0.5790261520301603,1976.924076477223
CR00890,28,7824,3,4,40,2,2,0,3.0,0,1,veiculos,False,False,False,False,False,True,False,False,False,False,False,False,False,False,False,True,True,False,False,True,False,False,False,False,True,True,False,False,True,True,real estate,0.41287160107166004,0.40062221184378227,2,0.7113462500658353,0.16746257477107365,5476.799999999999,0.7113462500658353,652.4176363532677
CR00891,27,2442,4,4,43,4,2,0,1.0,1,4,pessoal,True,False,False,False,False,False,False,False,False,True,False,False,False,False,False,True,False,True,True,False,False,False,True,True,False,False,False,False,True,True,car or other,0.5465214290723069,0.5648704446896211,2,0.8312465225216903,0.7507312166254567,1709.3999999999999,0.8312465225216903,1066.7386138900436
CR00892,15,1829,4,4,46,2,1,0,3.0,1,4,bens_consumo,True,False,False,False,False,False,True,False,False,False,False,False,False,False,False,True,False,True,True,False,False,True,False,True,False,True,False,False,True,True,car or other,0.05010108238737758,0.06664906592246413,1,0.06222912374781875,0.6987513673630235,1280.3,0.05010108238737758,44.82099823536826
CR00893,12,2171,4,4,38,2,1,0,1.0,1,2,veiculos,True,False,False,False,True,False,False,False,False,False,False,False,False,False,False,True,False,True,False,False,False,False,False,True,False,False,False,True,False,False,building society savings agreement/life insurance,0.42122544882918733,0.42345472197878475,2,0.42122544882918733,0.55,1519.6999999999998,0.42122544882918733,352.0749730221438
CR00894,36,5800,3,4,34,2,1,0,1.0,1,2,veiculos,True,False,False,False,False,True,False,False,False,False,False,False,False,False,False,True,False,True,True,False,False,True,False,True,False,True,False,False,True,True,car or other,0.260225889743878,0.2089849375049118,2,0.5951469784046576,0.6276206972244042,4059.9999999999995,0.5951469784046576,1516.517839841554
CR00895,18,1169,4,3,29,2,1,0,3.0,0,2,bens_consumo,True,False,False,False,False,False,True,False,False,False,False,False,False,False,False,True,False,True,False,False,False,True,False,True,False,True,False,False,True,True,building society savings agreement/life insurance,0.08085883550068487,0.10297223981745918,1,0.11880236040101821,0.55,818.3,0.08085883550068487,36.39173179961574
CR00896,36,8947,3,2,31,1,2,0,3.0,0,3,veiculos,False,True,False,False,False,True,False,False,False,False,False,False,False,False,False,True,False,True,True,False,False,False,True,True,False,False,False,False,True,True,car or other,0.2503477905096707,0.26590099767895264,2,0.5787116243711006,0.7264529963478146,6262.9,0.5787116243711006,2632.9657072973455
CR00897,21,2606,4,4,28,1,1,0,1.0,1,1,bens_consumo,False,False,True,False,False,False,True,False,False,False,False,False,False,False,False,False,False,True,False,False,False,True,False,False,True,False,False,False,True,True,building society savings agreement/life insurance,0.7375878167607262,0.624649154041463,2,0.9037896066037312,0.55,1824.1999999999998,0.9037896066037312,906.7811502015895
CR00898,12,1592,3,2,35,1,1,0,3.0,4,3,bens_consumo,True,False,False,False,False,False,False,False,False,False,True,False,False,False,False,False,False,True,False,False,False,True,False,True,False,True,False,False,False,False,building society savings agreement/life insurance,0.023443066293585536,0.030631872364009067,1,0.0234430662935855,0.55,1114.3999999999999,0.023443066293585536,14.368724192664446
CR00899,15,2186,1,4,33,1,1,0,3.0,0,3,bens_consumo,False,False,True,False,False,False,False,False,False,False,True,False,False,False,False,False,False,True,False,True,False,False,False,False,True,False,False,True,False,True,real estate,0.3466812252989594,0.33120784680122933,2,0.41263721877621995,0.3197150202028281,1530.1999999999998,0.41263721877621995,201.87364987168874
CR00900,18,4153,2,3,42,1,1,1,1.0,1,2,bens_consumo,False,False,True,False,False,False,False,False,False,False,True,False,False,False,False,True,False,False,True,False,False,True,False,True,False,True,False,False,False,True,car or other,0.5552134101822529,0.7237058443017762,3,1.0,0.7276309716467464,2907.1,1.0,2115.2959976742563
CR00901,16,2625,2,4,43,1,1,1,1.0,1,4,veiculos,True,False,False,False,True,False,False,False,False,False,False,False,False,False,False,True,True,False,False,False,False,False,False,False,True,True,False,False,True,True,building society savings agreement/life insurance,0.3650615415364171,0.27490025454085387,3,1.0,0.55,1837.4999999999998,1.0,1010.625
CR00902,20,3485,2,4,44,2,1,0,3.0,0,1,veiculos,True,False,False,False,True,False,False,False,False,False,False,False,False,True,False,False,False,True,False,True,False,True,False,True,False,True,False,False,True,True,real estate,0.22977608045035458,0.12888234397536344,2,0.35281515924979334,0.4112770392794111,2439.5,0.35281515924979334,353.9830964392688
CR00903,36,10477,2,4,42,2,1,0,3.0,0,4,veiculos,True,False,False,False,False,True,False,False,False,False,False,False,False,False,False,True,False,True,False,False,True,True,False,False,False,True,False,False,False,True,unknown/no property,0.13028800710803923,0.07858521820659677,1,0.3421507612695882,0.6386179011982857,7333.9,0.13028800710803923,610.2116758484532
CR00904,15,1386,4,2,40,1,1,0,3.0,0,2,bens_consumo,False,False,True,False,False,False,True,False,False,False,False,False,False,False,True,False,False,True,False,True,False,True,False,False,True,True,False,False,True,True,real estate,0.2043361996539977,0.21584527774622048,2,0.24852939049682243,0.29799434199132335,970.1999999999999,0.24852939049682243,71.85335369144441
CR00905,24,1278,4,1,36,1,1,0,3.0,1,4,bens_consumo,False,False,True,False,False,False,True,False,False,False,False,False,False,False,False,True,False,True,False,True,False,True,False,True,False,False,False,False,True,True,real estate,0.08503829219957747,0.07067217063587994,1,0.16284507325893427,0.3260439208530627,894.5999999999999,0.08503829219957747,24.803874811917236
CR00906,12,1107,2,2,20,1,2,0,1.0,1,2,bens_consumo,False,False,True,False,False,False,True,False,False,False,False,False,False,False,False,True,False,True,False,True,False,True,False,False,True,False,False,False,True,True,real estate,0.3552788842114635,0.3446928181613305,2,0.3552788842114635,0.43766301445192013,774.9,0.3552788842114635,120.49108201946193
CR00907,21,3763,2,2,24,1,1,0,1.0,0,3,veiculos,False,False,True,False,True,False,False,False,False,False,False,False,False,False,False,True,False,False,False,True,False,True,False,True,False,False,False,True,False,False,real estate,0.3134044978228739,0.3055056300778536,2,0.48212294501175645,0.28468631085738505,2634.1,0.48212294501175645,361.5402414157394
CR00908,36,3711,2,2,27,1,1,0,1.0,0,2,pessoal,False,False,True,False,False,False,False,False,False,False,False,False,True,False,True,False,False,True,True,False,False,True,False,True,False,True,False,False,False,True,car or other,0.8791165917606499,0.5970365086381598,2,0.9982335551269971,0.7573080992695999,2597.7,0.9982335551269971,1963.784194457541
CR00909,15,3594,1,2,46,2,1,0,3.0,1,1,veiculos,False,True,False,False,False,True,False,False,False,False,False,False,False,False,False,False,False,True,False,False,False,True,False,True,False,False,False,True,False,True,building society savings agreement/life insurance,0.09260057568595025,0.12877803360619128,1,0.11437855506576688,0.55,2515.7999999999997,0.09260057568595025,128.1304905708925
CR00910,9,3195,1,2,33,1,1,0,1.0,0,2,veiculos,False,False,True,False,True,False,False,False,False,False,False,False,False,False,False,False,False,True,False,True,False,True,False,True,False,False,False,True,False,True,real estate,0.511344441322869,0.39276825941076093,2,0.511344441322869,0.33140511583408816,2236.5,0.511344441322869,379.0021293559714
CR00911,36,4454,4,4,34,2,1,0,3.0,1,2,bens_consumo,False,True,False,False,False,False,True,False,False,False,False,False,False,False,False,False,False,True,False,True,False,True,False,True,False,True,False,False,False,True,real estate,0.42932322370888576,0.4346121695890962,2,0.8141465626143563,0.4400372722184958,3117.7999999999997,0.8141465626143563,1116.966917076807
CR00912,24,4736,2,4,25,1,1,1,1.0,1,1,bens_consumo,True,False,False,False,False,False,False,False,False,False,True,False,False,False,False,False,False,True,True,False,False,False,False,True,False,False,False,True,False,True,car or other,0.7522712812722234,0.5289859384463329,3,1.0,0.6682855796145656,3315.2,1.0,2215.5003535382075
CR00913,30,2991,2,4,25,1,1,0,1.0,0,4,bens_consumo,False,False,True,False,False,False,True,False,False,False,False,False,False,False,False,False,False,True,True,False,False,True,False,True,False,True,False,False,False,True,car or other,0.5228119461502874,0.4989038987804745,2,0.8427017441910962,0.3931804836018075,2093.7,0.8427017441910962,693.7137431179251
CR00914,11,2142,1,2,28,1,1,0,3.0,4,4,pessoal,False,False,True,False,False,False,False,False,False,True,False,False,False,True,False,False,False,True,False,True,False,True,False,True,False,True,False,False,True,True,real estate,0.06302745759368124,0.07457001367161317,1,0.06302745759368122,0.2880264672405339,1499.3999999999999,0.06302745759368124,27.21947177922093
CR00915,24,3161,4,2,31,1,1,1,1.0,1,2,pessoal,False,False,False,False,False,False,False,False,False,True,False,False,False,False,False,True,False,True,False,False,False,True,False,False,True,True,False,False,True,True,building society savings agreement/life insurance,0.6653987421818811,0.620857370907263,3,1.0,0.55,2212.7,1.0,1216.985
CR00916,48,18424,1,2,32,1,1,1,1.0,1,2,bens_consumo,False,False,False,True,False,False,False,False,True,False,False,False,False,False,False,False,False,True,False,False,False,False,False,True,False,False,False,False,True,False,building society savings agreement/life insurance,0.783962196780072,0.6522115855766005,3,1.0,0.55,12896.8,1.0,7093.24
CR00917,10,2848,1,2,32,1,2,0,3.0,2,2,veiculos,False,False,True,False,False,True,False,False,False,False,False,False,False,False,False,True,False,False,False,True,False,True,False,True,False,True,False,False,False,True,real estate,0.04578552159134789,0.045377981578963576,1,0.045785521591347855,0.3666074394067614,1993.6,0.04578552159134789,33.463199662886026
CR00918,6,14896,1,4,68,1,1,1,1.0,1,4,veiculos,False,False,True,False,True,False,False,False,False,False,False,False,False,False,False,True,False,True,False,False,True,False,False,True,False,False,False,False,True,True,unknown/no property,0.8526074177902915,0.7546768431880365,3,1.0,0.556448890713634,10427.199999999999,1.0,5802.203873249204
CR00919,24,2359,1,1,33,1,1,1,1.0,2,0,bens_consumo,False,False,True,False,False,False,False,False,False,False,True,False,False,True,False,False,False,True,False,False,False,True,False,True,False,True,False,False,False,True,building society savings agreement/life insurance,0.6794512976042133,0.7741025443669052,3,1.0,0.55,1651.3,1.0,908.215
CR00920,24,3345,4,2,39,1,1,1,1.0,1,4,bens_consumo,False,False,True,False,False,False,False,False,False,False,True,False,False,False,False,True,False,True,False,False,False,True,False,False,True,False,False,False,True,True,building society savings agreement/life insurance,0.5816903303611607,0.99,3,1.0,0.55,2341.5,1.0,1287.825
CR00921,18,1817,4,2,28,2,1,0,3.0,1,2,bens_consumo,True,False,False,False,False,False,False,False,False,False,True,False,False,False,False,False,False,True,False,False,True,True,False,True,False,True,False,False,False,True,unknown/no property,0.3619151688743915,0.28899342826734004,2,0.4902964824758974,0.4894597187454644,1271.8999999999999,0.4902964824758974,305.23104330545755
CR00922,48,12749,4,1,37,1,1,0,3.0,3,3,bens_consumo,False,True,False,False,False,False,True,False,False,False,False,False,False,False,False,True,False,True,True,False,False,True,False,True,False,False,False,False,True,True,car or other,0.444883772887447,0.3735392662178103,2,0.9050410965042494,0.4862341849331857,8924.3,0.9050410965042494,3927.2445916723664
CR00923,9,1366,3,4,22,1,1,1,1.0,1,1,bens_consumo,False,False,True,False,False,False,True,False,False,False,False,False,False,False,False,False,False,True,False,False,False,True,False,False,True,True,False,False,False,True,building society savings agreement/life insurance,0.6447911904147172,0.6213421723971452,3,1.0,0.55,956.1999999999999,1.0,525.91
CR00924,12,2002,3,4,30,1,2,0,1.0,1,3,veiculos,False,False,True,False,True,False,False,False,False,False,False,False,False,False,False,True,False,True,False,False,False,True,False,False,True,True,False,False,True,True,building society savings agreement/life insurance,0.5865994446501926,0.5766523484648445,2,0.5865994446501926,0.55,1401.3999999999999,0.5865994446501926,452.133253953029
CR00925,24,6872,2,1,55,1,1,1,1.0,1,1,bens_consumo,False,False,False,False,False,False,False,False,False,False,True,False,False,True,False,False,False,True,False,False,False,False,False,True,False,True,False,False,True,True,building society savings agreement/life insurance,0.902159866668014,0.6962562708399946,3,1.0,0.55,4810.4,1.0,2645.72
CR00926,12,697,4,2,46,2,1,1,1.0,1,1,veiculos,False,False,False,False,True,False,False,False,False,False,False,False,False,False,False,True,False,True,True,False,False,False,False,True,False,True,False,False,True,True,car or other,0.8172178082922881,0.916152042274482,3,1.0,0.7791120124324633,487.9,1.0,380.12875086579885
CR00927,18,1049,4,4,21,1,1,0,1.0,1,1,bens_consumo,True,False,False,False,False,False,False,False,False,False,True,False,False,False,False,False,False,True,False,False,False,True,False,False,True,True,False,False,False,True,building society savings agreement/life insurance,0.6504702576492987,0.7761370310165918,2,0.7933543796513982,0.55,734.3,0.7933543796513982,320.4080665379119
CR00928,48,10297,4,4,39,3,2,1,1.0,1,3,veiculos,False,False,True,False,False,True,False,False,False,False,False,False,False,False,False,True,False,True,False,False,True,False,True,False,False,True,False,False,True,True,unknown/no property,0.8734352924286964,0.9155926089623384,3,1.0,0.8433585205826126,7207.9,1.0,6078.843880507413
CR00929,30,1867,4,4,58,1,1,0,3.0,0,4,bens_consumo,False,False,True,False,False,False,True,False,False,False,False,False,False,False,False,True,False,True,True,False,False,True,False,True,False,True,False,False,True,True,car or other,0.11218139258170427,0.08333285095852645,1,0.2573048165028774,0.5261898878302621,1306.8999999999999,0.11218139258170427,77.14462682218898
CR00930,12,1344,4,2,43,2,2,0,1.0,1,2,veiculos,False,True,False,False,True,False,False,False,False,False,False,False,False,False,False,True,False,True,False,True,False,True,False,True,False,False,False,True,False,True,real estate,0.6581572897913762,0.9309654547542601,2,0.6581572897913762,0.2592621737805513,940.8,0.6581572897913762,160.53368049409136
CR00931,24,1747,4,1,24,1,1,0,1.0,1,1,bens_consumo,False,False,True,False,False,False,False,False,False,False,True,False,False,False,False,True,False,False,False,False,False,True,False,True,False,False,False,True,False,False,building society savings agreement/life insurance,0.44261590925894584,0.328568346901279,2,0.6893229753887684,0.55,1222.8999999999999,0.6893229753887684,463.63518663160863
CR00932,9,1670,4,2,22,1,1,1,1.0,1,1,bens_consumo,False,False,True,False,False,False,True,False,False,False,False,False,False,False,False,False,False,True,True,False,False,True,False,True,False,True,False,False,True,True,car or other,0.5432841917061706,0.6374308304437184,3,1.0,0.5366503056045665,1169.0,1.0,627.3442072517382
CR00933,9,1224,3,1,30,2,1,0,3.0,1,2,veiculos,True,False,False,False,True,False,False,False,False,False,False,False,False,False,False,True,False,True,False,True,False,True,False,True,False,True,False,False,False,True,real estate,0.09133949897024908,0.12027360599202085,1,0.09133949897024907,0.22058714680236452,856.8,0.09133949897024908,17.263080120357834
CR00934,12,522,4,4,42,2,2,0,3.0,3,4,bens_consumo,True,False,False,False,False,False,True,False,False,False,False,False,False,False,False,True,False,True,False,False,False,True,False,True,False,True,False,False,True,True,building society savings agreement/life insurance,0.043678635247738115,0.03187568927583202,1,0.043678635247738073,0.55,365.4,0.043678635247738115,8.77809532573793
CR00935,12,1498,4,1,23,1,1,0,1.0,1,2,bens_consumo,False,False,True,False,False,False,True,False,False,False,False,False,False,False,False,False,False,True,True,False,False,False,False,True,False,True,False,False,False,True,car or other,0.7820554961817779,0.8012301456522372,2,0.7820554961817779,0.41690717504091407,1048.6,0.7820554961817779,341.8903126535899
CR00936,30,1919,4,3,30,2,1,1,1.0,2,1,bens_consumo,False,True,False,False,False,False,True,False,False,False,False,False,False,False,False,True,False,True,False,False,True,False,True,True,False,False,False,False,False,True,unknown/no property,0.861775937170217,0.99,3,1.0,0.3576443011863528,1343.3,1.0,480.42358978362773
CR00937,9,745,3,2,28,1,1,1,1.0,1,2,bens_consumo,False,False,True,False,False,False,True,False,False,False,False,False,False,False,False,False,False,True,False,True,False,True,False,True,False,False,False,True,False,True,real estate,0.42844092735738937,0.4686405863048386,3,1.0,0.4177328091902383,521.5,1.0,217.84765999270928
CR00938,6,2063,4,3,30,1,1,0,1.0,1,1,bens_consumo,False,False,True,False,False,False,True,False,False,False,False,False,False,False,True,False,False,True,True,False,False,True,False,False,True,False,False,False,True,True,car or other,0.6327988895048678,0.5013926636264244,2,0.6327988895048678,0.4218113509038377,1444.1,0.6327988895048678,385.4617055759683
CR00939,60,6288,4,4,42,1,1,1,1.0,1,2,pessoal,False,False,True,False,False,False,False,False,False,False,False,False,True,False,False,True,False,True,False,False,True,True,False,False,False,True,False,False,False,True,unknown/no property,0.9656874064382209,0.716817759806106,3,1.0,0.8703552208456664,4401.599999999999,1.0,3830.9555400742847
CR00940,24,6842,2,4,46,2,2,0,3.0,0,2,veiculos,True,False,False,False,False,True,False,False,False,False,False,False,False,False,False,True,False,True,False,False,False,True,False,True,False,False,False,False,True,True,building society savings agreement/life insurance,0.05731272357051314,0.06377092218880408,1,0.11134069885795617,0.55,4789.4,0.05731272357051314,150.9714570477386
CR00941,12,3527,2,3,45,1,2,0,3.0,0,1,veiculos,False,False,True,False,True,False,False,False,False,False,False,False,False,False,False,True,False,True,False,False,False,True,False,True,False,False,False,False,True,True,building society savings agreement/life insurance,0.19802893824484394,0.17890107205752762,1,0.1980289382448439,0.55,2468.8999999999996,0.19802893824484394,268.9025050979823
CR00942,10,1546,3,2,31,1,2,0,3.0,1,2,veiculos,False,False,True,False,True,False,False,False,False,False,False,False,False,False,False,True,False,True,False,True,False,True,False,True,False,False,False,True,False,False,real estate,0.06593935953284945,0.05515869347889411,1,0.06593935953284946,0.37964666431173083,1082.1999999999998,0.06593935953284945,27.091424572343772
CR00943,24,929,4,2,31,1,1,0,3.0,0,3,bens_consumo,False,False,True,False,False,False,False,False,False,False,True,False,False,False,False,True,False,True,True,False,False,False,True,True,False,True,False,False,True,True,car or other,0.21305330774230968,0.2503097194575621,2,0.38071490354468007,0.31142945274973655,650.3,0.38071490354468007,77.10336189220186
CR00944,4,1455,2,1,42,3,2,0,3.0,1,3,veiculos,True,False,False,False,True,False,False,False,False,False,False,False,False,False,False,True,False,True,False,True,False,True,False,True,False,False,False,True,False,True,real estate,0.0789261267412881,0.07222261988597127,1,0.07892612674128807,0.3030238070101285,1018.4999999999999,0.0789261267412881,24.35895056256664
CR00945,15,1845,4,1,46,1,1,0,1.0,1,1,bens_consumo,False,False,True,False,False,False,False,False,False,False,True,False,False,False,False,False,True,False,False,False,False,True,False,False,True,True,False,False,False,True,building society savings agreement/life insurance,0.6769249777014481,0.6823412707342965,2,0.7564269531636335,0.55,1291.5,0.7564269531636335,537.3089755059581
CR00946,48,8358,1,1,30,2,1,0,1.0,3,1,veiculos,False,False,False,True,True,False,False,False,False,False,False,False,False,False,False,False,False,True,True,False,False,True,False,True,False,True,False,False,False,True,car or other,0.9382136868419324,0.99,2,0.9999854263234985,0.6728206606553816,5850.599999999999,0.9999854263234985,3936.3471893437795
CR00947,24,3349,4,4,30,1,2,1,1.0,3,1,bens_consumo,False,False,False,False,False,False,False,False,False,False,True,False,False,False,False,True,False,True,False,False,True,True,False,False,False,True,False,False,True,True,unknown/no property,0.7851447492317427,0.8879408039524675,3,1.0,0.6838731519341053,2344.2999999999997,1.0,1603.2038300791228
CR00948,12,2859,4,4,38,1,1,0,3.0,0,0,veiculos,False,False,True,False,True,False,False,False,False,False,False,False,False,False,False,True,False,True,False,False,True,True,False,True,False,False,False,False,True,True,unknown/no property,0.47852486130652033,0.470572268141094,2,0.4785248613065203,0.8482967645144356,2001.3,0.4785248613065203,812.3898935911423
CR00949,18,1533,4,1,43,1,2,1,3.0,1,1,bens_consumo,False,False,True,False,False,False,False,False,False,False,True,False,False,False,True,False,False,False,False,False,False,True,False,True,False,False,False,True,False,True,building society savings agreement/life insurance,0.4532678089600475,0.4498974954000432,3,1.0,0.55,1073.1,1.0,590.205
CR00950,24,3621,2,4,31,2,1,1,3.0,2,4,bens_consumo,False,False,True,False,False,False,True,False,False,False,False,False,False,False,False,True,False,True,True,False,False,True,False,True,False,True,False,False,False,True,car or other,0.11600955944476672,0.13362603101484616,3,1.0,0.5189640680157064,2534.7,1.0,1315.418223199411
CR00951,18,3590,3,3,40,3,2,0,1.0,1,0,pessoal,True,False,False,False,False,False,False,False,False,True,False,False,False,False,True,False,False,True,True,False,False,True,False,True,False,False,True,False,True,True,car or other,0.5497978053311338,0.6115745500246811,2,0.6979273457242016,0.4936480751702232,2513.0,0.6979273457242016,865.8051234442678
CR00952,36,2145,2,1,24,2,1,1,1.0,1,3,pessoal,False,True,False,False,False,False,False,False,False,True,False,False,False,False,False,True,False,True,True,False,False,True,False,True,False,True,False,False,True,True,car or other,0.41023670353445574,0.3105671087370251,3,1.0,0.4322108945419329,1501.5,1.0,648.9646581547122
CR00953,24,4113,3,4,28,1,1,1,1.0,3,1,veiculos,False,False,True,False,False,True,False,False,False,False,False,False,False,False,False,False,False,True,True,False,False,True,False,False,True,True,False,False,False,True,car or other,0.5814095898189834,0.5511454222453035,3,1.0,0.5404169561565206,2879.1,1.0,1555.9144584702385
CR00954,36,10974,4,2,26,2,1,1,3.0,1,0,bens_consumo,False,False,True,False,False,False,False,False,False,False,True,False,False,False,False,False,False,True,True,False,False,True,False,True,False,False,False,False,True,True,car or other,0.7446850392473706,0.5968630984286492,3,1.0,0.49916402315230707,7681.799999999999,1.0,3834.4781930513923
CR00955,12,1893,4,4,29,1,1,0,1.0,1,2,veiculos,False,False,True,False,True,False,False,False,False,False,False,False,False,False,False,False,True,False,False,False,False,True,False,True,False,True,False,False,True,True,building society savings agreement/life insurance,0.5667618660052258,0.419676286686028,2,0.5667618660052258,0.55,1325.1,0.5667618660052258,413.05888175393864
CR00956,24,1231,4,4,57,2,1,0,1.0,4,4,bens_consumo,True,False,False,False,False,False,True,False,False,False,False,False,False,False,False,False,False,True,False,False,False,True,False,False,True,False,False,False,True,True,building society savings agreement/life insurance,0.3599295724737737,0.3106596113101471,2,0.5903098478063938,0.55,861.6999999999999,0.5903098478063938,279.76849772012326
CR00957,30,3656,4,4,49,2,1,0,1.0,0,4,bens_consumo,True,False,False,False,False,False,True,False,False,False,False,False,False,False,False,True,False,True,False,False,False,False,True,True,False,False,False,True,False,True,building society savings agreement/life insurance,0.4994412171803204,0.28309097983520015,2,0.8227289917516784,0.55,2559.2,0.8227289917516784,1158.0404196299924
CR00958,9,1154,2,4,37,3,1,0,1.0,1,4,bens_consumo,True,False,False,False,False,False,True,False,False,False,False,False,False,False,False,True,False,True,False,True,False,True,False,True,False,False,False,True,False,True,real estate,0.14817698116133673,0.18213230726125418,1,0.1481769811613367,0.37424256423528895,807.8,0.14817698116133673,44.79584895281582
CR00959,28,4006,3,2,45,1,1,1,1.0,1,2,veiculos,False,False,True,False,True,False,False,False,False,False,False,False,False,False,False,True,False,True,True,False,False,True,False,True,False,False,False,True,False,True,car or other,0.6751939502341596,0.5516410621306866,3,1.0,0.47848593581578597,2804.2,1.0,1341.770261214627
CR00960,24,3069,4,4,30,1,1,0,1.0,2,4,bens_consumo,False,False,True,False,False,False,False,False,False,False,True,False,False,False,False,True,False,True,False,False,True,True,False,False,False,True,False,False,False,True,unknown/no property,0.6544399184286748,0.708617420647933,2,0.880588230024419,0.8895594478945712,2148.2999999999997,0.880588230024419,1682.8398259188773
CR00961,6,1740,2,2,30,2,1,0,3.0,1,4,bens_consumo,True,False,False,False,False,False,True,False,False,False,False,False,False,False,True,False,False,True,False,True,False,True,False,False,True,True,False,False,False,True,real estate,0.06248289124847339,0.03928909358351966,1,0.06248289124847339,0.2915633073861034,1218.0,0.06248289124847339,22.189181044635465
CR00962,21,2353,1,4,47,2,1,0,1.0,1,2,veiculos,False,True,False,False,True,False,False,False,False,False,False,False,False,True,False,False,False,True,False,False,False,True,False,True,False,True,False,False,False,True,building society savings agreement/life insurance,0.7219292267407977,0.471923586671949,2,0.8935190657344162,0.55,1647.1,0.8935190657344162,809.4433892441364
CR00963,15,3556,3,2,29,1,1,0,3.0,0,2,veiculos,False,False,True,False,True,False,False,False,False,False,False,False,False,False,False,True,False,True,False,False,True,True,False,True,False,True,False,False,False,True,unknown/no property,0.42336724840197054,0.6900698314100928,2,0.497513807823471,0.7764170503570955,2489.2,0.497513807823471,961.5237033611975
CR00964,24,2397,3,2,35,2,1,1,3.0,3,4,bens_consumo,False,False,True,False,False,False,True,False,False,False,False,False,False,False,False,True,False,True,True,False,False,False,False,True,False,True,False,False,True,True,car or other,0.1949344861331316,0.24836019563248043,3,1.0,0.7163067065445541,1677.8999999999999,1.0,1201.8910229111073
CR00965,6,454,3,1,22,1,1,0,1.0,1,1,pessoal,False,False,True,False,False,False,False,True,False,False,False,False,False,False,True,False,False,True,False,False,False,True,False,True,False,False,False,True,False,True,building society savings agreement/life insurance,0.684624725195787,0.5798634321539482,2,0.684624725195787,0.55,317.79999999999995,0.684624725195787,119.6655557169716
CR00966,30,1715,4,1,26,1,1,0,1.0,0,2,bens_consumo,False,False,True,False,False,False,True,False,False,False,False,False,False,False,False,False,False,True,True,False,False,True,False,True,False,True,False,False,False,True,car or other,0.701378018442599,0.5756962599865019,2,0.9512690999899263,0.6425316564306757,1200.5,0.9512690999899263,733.7702228886783
CR00967,27,2520,4,2,23,2,1,1,1.0,3,2,bens_consumo,True,False,False,False,False,False,True,False,False,False,False,False,False,False,False,True,False,True,False,False,False,True,False,True,False,False,False,True,False,True,building society savings agreement/life insurance,0.4188866051497839,0.34843761256817085,3,1.0,0.55,1764.0,1.0,970.2
CR00968,15,3568,4,2,54,1,1,0,3.0,1,4,bens_consumo,False,False,True,False,False,False,True,False,False,False,False,False,False,False,False,False,False,True,True,False,False,False,False,False,True,False,False,False,True,True,car or other,0.40830128301971996,0.41559934064467474,2,0.4810496795528433,0.6923145511251892,2497.6,0.4810496795528433,831.7949419582325
CR00969,42,7166,2,4,29,1,1,0,3.0,0,3,bens_consumo,False,False,True,False,False,False,True,False,False,False,False,False,False,False,True,False,False,True,False,False,False,True,False,False,True,True,False,False,True,True,building society savings agreement/life insurance,0.3665517534690226,0.327130611673809,2,0.7977032134923905,0.55,5016.2,0.7977032134923905,2200.791372736291
CR00970,11,3939,1,2,40,2,2,0,1.0,1,2,veiculos,True,False,False,False,True,False,False,False,False,False,False,False,False,False,False,True,False,True,False,True,False,True,False,True,False,False,False,True,False,True,real estate,0.3179040185872079,0.27001949225569044,2,0.31790401858720796,0.41367593602065267,2757.2999999999997,0.31790401858720796,362.61043421783575
CR00971,15,1514,4,2,22,1,1,0,1.0,2,2,pessoal,False,False,True,False,False,False,False,True,False,False,False,False,False,False,False,True,True,False,False,True,False,True,False,True,False,True,False,False,False,True,real estate,0.5206979405573062,0.5309341076051262,2,0.601194059499989,0.30312461469992075,1059.8,0.601194059499989,193.13447336103516
CR00972,24,7393,1,4,43,1,2,0,3.0,1,2,veiculos,False,False,True,False,True,False,False,False,False,False,False,False,False,False,False,True,False,True,False,False,False,True,False,True,False,False,False,True,False,True,building society savings agreement/life insurance,0.29142685649426453,0.22541960152153892,2,0.49792410030240053,0.55,5175.099999999999,0.49792410030240053,1417.243856311224
CR00973,24,1193,1,4,29,2,1,1,1.0,1,0,veiculos,False,False,False,False,True,False,False,False,False,False,False,False,False,False,False,False,False,False,False,False,True,True,False,False,True,False,True,False,False,True,unknown/no property,0.9308376928693718,0.99,3,1.0,0.8420723026951206,835.0999999999999,1.0,703.2145799806951
CR00974,60,7297,4,4,36,1,1,1,1.0,1,4,pessoal,False,False,True,False,False,False,False,False,False,True,False,False,False,False,False,True,False,False,False,False,True,True,False,False,True,True,False,False,False,True,unknown/no property,0.9440188182467035,0.8056889264180963,3,1.0,0.8538629164327056,5107.9,1.0,4361.446390846617
CR00975,30,2831,4,2,33,1,1,0,3.0,1,2,bens_consumo,True,False,False,False,False,False,True,False,False,False,False,False,False,False,False,False,False,True,True,False,False,True,False,True,False,True,False,False,True,True,car or other,0.1438385019528924,0.1862713178684177,1,0.3217508880244364,0.4887022847549097,1981.6999999999998,0.1438385019528924,139.30202513712024
CR00976,24,1258,3,3,57,1,1,0,1.0,3,2,bens_consumo,False,False,True,False,False,False,True,False,False,False,False,False,False,False,False,False,False,True,True,False,False,True,False,True,False,False,False,True,False,True,car or other,0.4900239839006,0.385593954577429,2,0.7399244630033845,0.5823884146425501,880.5999999999999,0.7399244630033845,379.4711768291058
CR00977,6,753,2,3,64,1,1,0,1.0,1,2,bens_consumo,False,False,True,False,False,False,True,False,False,False,False,False,False,False,False,False,True,False,False,True,False,True,False,True,False,True,False,False,False,True,real estate,0.1986134631318646,0.21029927720397473,1,0.19861346313186456,0.39030189696194384,527.1,0.1986134631318646,40.86037634082497
CR00978,18,2427,4,2,42,2,1,0,1.0,0,4,pessoal,False,True,False,False,False,False,False,False,False,True,False,False,False,False,False,True,False,True,False,False,False,True,False,True,False,True,False,False,False,True,building society savings agreement/life insurance,0.4974040261717235,0.621166674922502,2,0.6436895925097632,0.55,1698.8999999999999,0.6436895925097632,601.4603367931602
CR00979,24,2538,4,4,47,2,2,1,3.0,1,4,veiculos,False,True,False,False,True,False,False,False,False,False,False,False,False,False,False,True,False,True,True,False,False,True,False,True,False,False,False,True,False,True,car or other,0.34687845762760505,0.3159231264299249,3,1.0,0.5679681138386059,1776.6,1.0,1009.0521510456672
CR00980,15,1264,2,2,25,1,1,1,1.0,2,2,veiculos,False,False,False,False,True,False,False,False,False,False,False,False,False,False,True,False,False,True,False,False,False,True,False,False,True,True,False,False,False,True,building society savings agreement/life insurance,0.7195940448040613,0.9037209244149668,3,1.0,0.55,884.8,1.0,486.64
CR00981,30,8386,2,2,49,1,1,1,1.0,1,3,bens_consumo,True,False,False,False,False,False,False,False,False,False,True,False,False,False,False,True,False,True,False,False,False,True,False,True,False,True,False,False,False,True,building society savings agreement/life insurance,0.40563970804296356,0.5096159084978745,3,1.0,0.55,5870.2,1.0,3228.61
CR00982,48,4844,3,2,33,1,1,1,3.0,1,0,pessoal,False,False,True,False,False,False,False,False,False,True,False,False,False,False,False,True,False,True,True,False,False,False,False,False,True,False,False,False,True,True,car or other,0.6512704354593358,0.9636696608218361,3,1.0,0.5017268688229467,3390.7999999999997,1.0,1701.2554668048476
CR00983,21,2923,1,1,28,1,1,0,1.0,2,2,veiculos,False,False,True,False,True,False,False,False,False,False,False,False,False,False,False,False,False,True,True,False,False,False,False,True,False,False,False,False,True,True,car or other,0.7237679108638088,0.7286166341377638,2,0.8947481534259337,0.3218254315443658,2046.1,0.8947481534259337,589.1800411583031
CR00984,36,8229,2,2,26,1,2,1,1.0,1,2,veiculos,False,False,True,False,False,True,False,False,False,False,False,False,False,False,False,True,False,True,False,False,False,True,False,True,False,True,False,False,False,True,building society savings agreement/life insurance,0.5075254101673811,0.44824542162024855,3,1.0,0.55,5760.299999999999,1.0,3168.165
CR00985,24,2028,2,2,30,2,1,0,3.0,1,3,bens_consumo,True,False,False,False,False,False,False,False,False,False,True,False,False,False,False,True,False,True,False,False,False,True,False,True,False,False,False,True,False,True,building society savings agreement/life insurance,0.08114105819291566,0.06282999599865151,1,0.15569824506116514,0.55,1419.6,0.08114105819291566,63.35331541586469
CR00986,15,1433,4,3,25,2,1,0,1.0,1,2,bens_consumo,True,False,False,False,False,False,False,False,False,False,True,False,False,False,False,False,False,True,False,False,False,True,False,False,True,True,False,False,False,True,building society savings agreement/life insurance,0.6455462328714895,0.6688292504385391,2,0.7265049342188482,0.55,1003.0999999999999,0.7265049342188482,400.81640473320965
CR00987,42,6289,2,1,33,2,1,0,1.0,1,1,pessoal,False,False,False,True,False,False,False,False,False,True,False,False,False,True,False,False,False,True,False,False,False,True,False,True,False,True,False,False,False,True,building society savings agreement/life insurance,0.9366404829825977,0.7207812671933338,2,0.9999359761917694,0.55,4402.299999999999,0.9999359761917694,2421.1099813939645
CR00988,13,1409,2,4,64,1,1,0,3.0,2,0,bens_consumo,False,False,True,False,False,False,True,False,False,False,False,False,False,False,False,False,False,True,False,True,False,True,False,True,False,True,False,False,False,True,real estate,0.11751232119901135,0.11698584511679695,1,0.12665794965598476,0.268808590843776,986.3,0.11751232119901135,31.155561464171885
CR00989,24,6579,4,2,29,1,1,0,1.0,1,0,veiculos,False,False,True,False,False,True,False,False,False,False,False,False,False,False,False,True,False,True,False,False,True,True,False,False,False,False,False,False,True,True,unknown/no property,0.6242593969675074,0.6389895512378174,2,0.8588189992327788,0.8624476650070653,4605.299999999999,0.8588189992327788,3411.083264674193
CR00990,24,1743,4,2,48,2,1,0,1.0,1,4,bens_consumo,True,False,False,False,False,False,True,False,False,False,False,False,False,False,False,True,False,True,False,False,False,True,False,True,False,False,False,True,False,True,building society savings agreement/life insurance,0.2968086776699572,0.25715962764811096,2,0.505521964199726,0.55,1220.1,0.505521964199726,339.2330416860471
CR00991,12,3565,2,1,37,2,2,0,3.0,0,1,pessoal,True,False,False,False,False,False,False,False,False,False,False,False,True,False,False,True,False,True,False,False,False,True,False,True,False,False,False,True,False,True,building society savings agreement/life insurance,0.31286342497262015,0.24012714630798673,2,0.3128634249726201,0.55,2495.5,0.3128634249726201,429.4128723605454
CR00992,15,1569,4,4,34,1,2,0,3.0,2,4,bens_consumo,False,False,False,False,False,False,True,False,False,False,False,False,False,False,False,True,False,True,True,False,False,False,False,True,False,False,False,True,False,True,car or other,0.3518773210590702,0.3832322524848329,2,0.4184708047517848,0.48265041606718323,1098.3,0.4184708047517848,221.82926114431652
CR00993,18,1936,2,4,23,2,1,0,1.0,0,3,bens_consumo,False,False,True,False,False,False,True,False,False,False,False,False,False,False,True,False,False,True,True,False,False,True,False,False,True,False,False,True,False,True,car or other,0.6257051233250033,0.6650216633617342,2,0.7710077291796859,0.33348192684816774,1355.1999999999998,0.7710077291796859,348.44515238559376
CR00994,36,3959,4,3,30,1,1,0,1.0,1,0,bens_consumo,False,False,True,False,False,False,False,False,False,False,True,False,False,False,False,True,False,True,False,False,False,True,False,True,False,False,False,False,True,True,building society savings agreement/life insurance,0.7389036632508716,0.7692187602100563,2,0.9822007240652015,0.55,2771.2999999999997,0.9822007240652015,1497.0850766310411
CR00995,12,2390,4,3,50,1,1,0,3.0,0,4,veiculos,False,False,True,False,True,False,False,False,False,False,False,False,False,False,False,True,False,True,True,False,False,True,False,True,False,True,False,False,True,True,car or other,0.14766217059664577,0.14463809873342082,1,0.14766217059664577,0.5285017505875165,1673.0,0.14766217059664577,130.5604442922869
CR00996,12,1736,3,4,31,1,1,0,3.0,1,3,bens_consumo,False,False,True,False,False,False,False,False,False,False,True,False,False,False,False,False,False,True,False,True,False,True,False,True,False,False,False,True,False,True,real estate,0.17669260963632277,0.22129875174746627,1,0.17669260963632283,0.19788864589454688,1215.1999999999998,0.17669260963632277,42.4900285237665
CR00997,30,3857,4,4,40,1,1,0,1.0,1,2,veiculos,False,False,True,False,False,True,False,False,False,False,False,False,False,True,False,False,False,True,False,False,False,True,False,True,False,False,False,False,True,True,building society savings agreement/life insurance,0.610599690620744,0.4722176766429531,2,0.9053783034553449,0.55,2699.8999999999996,0.9053783034553449,1344.436984824497
CR00998,12,804,4,4,38,1,1,0,3.0,1,4,bens_consumo,False,False,True,False,False,False,True,False,False,False,False,False,False,False,False,True,False,True,True,False,False,True,False,True,False,True,False,False,False,True,car or other,0.09885360340138917,0.10926131628010864,1,0.09885360340138916,0.45099456040654073,562.8,0.09885360340138917,25.090995774692445
CR00999,45,1845,4,4,23,1,1,1,1.0,1,2,bens_consumo,False,False,True,False,False,False,True,False,False,False,False,False,False,False,False,True,False,True,False,False,True,True,False,False,False,True,False,False,True,True,unknown/no property,0.6980176351589853,0.6218093307354219,3,1.0,0.5231865298487208,1291.5,1.0,675.695403299623
CR01000,45,4576,3,4,27,1,1,0,1.0,2,0,veiculos,True,False,False,False,False,True,False,False,False,False,False,False,False,False,False,True,False,True,True,False,False,True,False,True,False,True,False,False,False,True,car or other,0.36451611359684544,0.44806526424643933,2,0.8173405961969389,0.34693871058389697,3203.2,0.8173405961969389,908.3221108639743
